[296月2026 19:15:50.435] [main/INFO] [cpw.mods.modlauncher.Launcher/MODLAUNCHER]: ModLauncher running: args [--launchTarget, forgeclientdev, --version, 21.1.190, --assetIndex, 17, --assetsDir, C:\\Users\\12501\\.mcreator\\gradle\\caches\\neoformruntime\\assets, --gameDir, ., --fml.fmlVersion, 4.0.41, --fml.mcVersion, 1.21.1, --fml.neoForgeVersion, 21.1.190, --fml.neoFormVersion, 20240808.144430]
[296月2026 19:15:50.437] [main/INFO] [cpw.mods.modlauncher.Launcher/MODLAUNCHER]: JVM identified as Microsoft OpenJDK 64-Bit Server VM 21.0.10+7-LTS
[296月2026 19:15:50.438] [main/INFO] [cpw.mods.modlauncher.Launcher/MODLAUNCHER]: ModLauncher 11.0.5+main.901c6ea8 starting: java version 21.0.10 by Microsoft; OS Windows 11 arch amd64 version 10.0
[296月2026 19:15:50.452] [main/DEBUG] [cpw.mods.modlauncher.LaunchServiceHandler/MODLAUNCHER]: Found launch services [minecraft,forgeclient,forgedatauserdev,testharness,forgeserverdev,forgeserveruserdev,forgejunitdev,forgeclientdev,forgeclientuserdev,forgeserver,forgejunituserdev,forgedatadev]
[296月2026 19:15:50.464] [main/DEBUG] [cpw.mods.modlauncher.LaunchPluginHandler/MODLAUNCHER]: Found launch plugins: [mixin,slf4jfixer,runtime_enum_extender,accesstransformer,runtimedistcleaner]
[296月2026 19:15:50.470] [main/DEBUG] [cpw.mods.modlauncher.TransformationServicesHandler/MODLAUNCHER]: Discovering transformation services
[296月2026 19:15:50.474] [main/DEBUG] [net.neoforged.fml.loading.FMLPaths/CORE]: Path GAMEDIR is C:\Users\12501\MCreatorWorkspaces\spearcore\run
[296月2026 19:15:50.474] [main/DEBUG] [net.neoforged.fml.loading.FMLPaths/CORE]: Path MODSDIR is C:\Users\12501\MCreatorWorkspaces\spearcore\run\mods
[296月2026 19:15:50.474] [main/DEBUG] [net.neoforged.fml.loading.FMLPaths/CORE]: Path CONFIGDIR is C:\Users\12501\MCreatorWorkspaces\spearcore\run\config
[296月2026 19:15:50.474] [main/DEBUG] [net.neoforged.fml.loading.FMLPaths/CORE]: Path FMLCONFIG is C:\Users\12501\MCreatorWorkspaces\spearcore\run\config\fml.toml
[296月2026 19:15:50.499] [main/DEBUG] [net.neoforged.fml.loading.targets.CommonLaunchHandler/CORE]: Got mod coordinates mcreator%%C:\\Users\\12501\\MCreatorWorkspaces\\spearcore\\build\\classes\\java\\main;mcreator%%C:\\Users\\12501\\MCreatorWorkspaces\\spearcore\\build\\resources\\main from env
[296月2026 19:15:50.503] [main/DEBUG] [net.neoforged.fml.loading.targets.CommonLaunchHandler/CORE]: Found supplied mod coordinates [{mcreator=[C:\Users\12501\MCreatorWorkspaces\spearcore\build\classes\java\main, C:\Users\12501\MCreatorWorkspaces\spearcore\build\resources\main]}]
[296月2026 19:15:50.508] [main/DEBUG] [cpw.mods.modlauncher.TransformationServicesHandler/MODLAUNCHER]: Found additional transformation services from discovery services: 
[296月2026 19:15:50.513] [main/INFO] [net.neoforged.fml.loading.ImmediateWindowHandler/]: Loading ImmediateWindowProvider fmlearlywindow
[296月2026 19:15:50.590] [main/INFO] [EARLYDISPLAY/]: Trying GL version 4.6
[296月2026 19:15:50.852] [main/INFO] [EARLYDISPLAY/]: Requested GL version 4.6 got version 4.6
[296月2026 19:15:51.215] [main/DEBUG] [cpw.mods.modlauncher.TransformationServicesHandler/MODLAUNCHER]: Found transformer services : [mixin,fml]
[296月2026 19:15:51.216] [main/DEBUG] [cpw.mods.modlauncher.TransformationServicesHandler/MODLAUNCHER]: Transformation services loading
[296月2026 19:15:51.216] [main/DEBUG] [cpw.mods.modlauncher.TransformationServiceDecorator/MODLAUNCHER]: Loading service mixin
[296月2026 19:15:51.216] [main/DEBUG] [cpw.mods.modlauncher.TransformationServiceDecorator/MODLAUNCHER]: Loaded service mixin
[296月2026 19:15:51.216] [main/DEBUG] [cpw.mods.modlauncher.TransformationServiceDecorator/MODLAUNCHER]: Loading service fml
[296月2026 19:15:51.216] [main/DEBUG] [net.neoforged.fml.loading.FMLLoader/CORE]: FML 4.0.41 loading
[296月2026 19:15:51.217] [main/DEBUG] [net.neoforged.fml.loading.FMLLoader/CORE]: FML found ModLauncher version : 11.0.5+main.901c6ea8
[296月2026 19:15:51.217] [main/DEBUG] [net.neoforged.fml.loading.FMLLoader/CORE]: FML found AccessTransformer version : 10.0.1+139da711
[296月2026 19:15:51.217] [main/DEBUG] [net.neoforged.fml.loading.FMLLoader/CORE]: FML found EventBus version : null
[296月2026 19:15:51.217] [main/DEBUG] [net.neoforged.fml.loading.FMLLoader/CORE]: Found Runtime Dist Cleaner
[296月2026 19:15:51.217] [main/DEBUG] [cpw.mods.modlauncher.TransformationServiceDecorator/MODLAUNCHER]: Loaded service fml
[296月2026 19:15:51.218] [main/DEBUG] [cpw.mods.modlauncher.TransformationServicesHandler/MODLAUNCHER]: Configuring option handling for services
[296月2026 19:15:51.225] [main/DEBUG] [net.neoforged.fml.loading.FMLServiceProvider/CORE]: Received command line version data  : VersionInfo[neoForgeVersion=21.1.190, fmlVersion=4.0.41, mcVersion=1.21.1, neoFormVersion=20240808.144430]
[296月2026 19:15:51.226] [main/DEBUG] [cpw.mods.modlauncher.TransformationServicesHandler/MODLAUNCHER]: Transformation services initializing
[296月2026 19:15:51.226] [main/DEBUG] [cpw.mods.modlauncher.TransformationServiceDecorator/MODLAUNCHER]: Initializing transformation service mixin
[296月2026 19:15:51.234] [main/DEBUG] [mixin/]: MixinService [ModLauncher] was successfully booted in cpw.mods.cl.ModuleClassLoader@3891771e
[296月2026 19:15:51.240] [main/INFO] [mixin/]: SpongePowered MIXIN Subsystem Version=0.8.7 Source=union:/C:/Users/12501/.mcreator/gradle/caches/modules-2/files-2.1/net.fabricmc/sponge-mixin/0.15.2+mixin.0.8.7/2af2f021d8e02a0220dc27a7a72b4666d66d44ca/sponge-mixin-0.15.2+mixin.0.8.7.jar%23138!/ Service=ModLauncher Env=CLIENT
[296月2026 19:15:51.241] [main/DEBUG] [mixin/]: Initialising Mixin Platform Manager
[296月2026 19:15:51.241] [main/DEBUG] [mixin/]: Adding mixin platform agents for container ModLauncher Root Container(ModLauncher:4f56a0a2)
[296月2026 19:15:51.242] [main/DEBUG] [mixin/]: Instancing new MixinPlatformAgentMinecraftForge for ModLauncher Root Container(ModLauncher:4f56a0a2)
[296月2026 19:15:51.242] [main/DEBUG] [mixin/]: MixinPlatformAgentMinecraftForge rejected container ModLauncher Root Container(ModLauncher:4f56a0a2)
[296月2026 19:15:51.242] [main/DEBUG] [mixin/]: Instancing new MixinPlatformAgentDefault for ModLauncher Root Container(ModLauncher:4f56a0a2)
[296月2026 19:15:51.242] [main/DEBUG] [mixin/]: MixinPlatformAgentDefault accepted container ModLauncher Root Container(ModLauncher:4f56a0a2)
[296月2026 19:15:51.243] [main/DEBUG] [cpw.mods.modlauncher.TransformationServiceDecorator/MODLAUNCHER]: Initialized transformation service mixin
[296月2026 19:15:51.243] [main/DEBUG] [cpw.mods.modlauncher.TransformationServiceDecorator/MODLAUNCHER]: Initializing transformation service fml
[296月2026 19:15:51.243] [main/DEBUG] [net.neoforged.fml.loading.FMLServiceProvider/CORE]: Setting up basic FML game directories
[296月2026 19:15:51.243] [main/DEBUG] [net.neoforged.fml.loading.FMLPaths/CORE]: Path GAMEDIR is C:\Users\12501\MCreatorWorkspaces\spearcore\run
[296月2026 19:15:51.244] [main/DEBUG] [net.neoforged.fml.loading.FMLPaths/CORE]: Path MODSDIR is C:\Users\12501\MCreatorWorkspaces\spearcore\run\mods
[296月2026 19:15:51.244] [main/DEBUG] [net.neoforged.fml.loading.FMLPaths/CORE]: Path CONFIGDIR is C:\Users\12501\MCreatorWorkspaces\spearcore\run\config
[296月2026 19:15:51.244] [main/DEBUG] [net.neoforged.fml.loading.FMLPaths/CORE]: Path FMLCONFIG is C:\Users\12501\MCreatorWorkspaces\spearcore\run\config\fml.toml
[296月2026 19:15:51.244] [main/DEBUG] [net.neoforged.fml.loading.FMLServiceProvider/CORE]: Loading configuration
[296月2026 19:15:51.246] [main/DEBUG] [net.neoforged.fml.loading.FMLServiceProvider/CORE]: Preparing launch handler
[296月2026 19:15:51.246] [main/DEBUG] [net.neoforged.fml.loading.FMLLoader/CORE]: Using forgeclientdev as launch service
[296月2026 19:15:51.247] [main/DEBUG] [cpw.mods.modlauncher.TransformationServiceDecorator/MODLAUNCHER]: Initialized transformation service fml
[296月2026 19:15:51.247] [main/DEBUG] [cpw.mods.modlauncher.TransformationServicesHandler/MODLAUNCHER]: Transformation services begin scanning
[296月2026 19:15:51.247] [main/DEBUG] [cpw.mods.modlauncher.TransformationServiceDecorator/MODLAUNCHER]: Beginning scan trigger - transformation service mixin
[296月2026 19:15:51.248] [main/DEBUG] [cpw.mods.modlauncher.TransformationServiceDecorator/MODLAUNCHER]: End scan trigger - transformation service mixin
[296月2026 19:15:51.248] [main/DEBUG] [cpw.mods.modlauncher.TransformationServiceDecorator/MODLAUNCHER]: Beginning scan trigger - transformation service fml
[296月2026 19:15:51.248] [main/DEBUG] [net.neoforged.fml.loading.FMLServiceProvider/CORE]: Initiating mod scan
[296月2026 19:15:51.248] [main/DEBUG] [net.neoforged.fml.loading.targets.CommonLaunchHandler/CORE]: Got mod coordinates mcreator%%C:\\Users\\12501\\MCreatorWorkspaces\\spearcore\\build\\classes\\java\\main;mcreator%%C:\\Users\\12501\\MCreatorWorkspaces\\spearcore\\build\\resources\\main from env
[296月2026 19:15:51.248] [main/DEBUG] [net.neoforged.fml.loading.targets.CommonLaunchHandler/CORE]: Found supplied mod coordinates [{mcreator=[C:\Users\12501\MCreatorWorkspaces\spearcore\build\classes\java\main, C:\Users\12501\MCreatorWorkspaces\spearcore\build\resources\main]}]
[296月2026 19:15:51.249] [main/DEBUG] [net.neoforged.fml.loading.targets.CommonDevLaunchHandler/]: Launching with NeoForge from C:\Users\12501\MCreatorWorkspaces\spearcore\build\moddev\artifacts\neoforge-21.1.190.jar
[296月2026 19:15:51.257] [main/DEBUG] [net.neoforged.fml.util.ServiceLoaderUtil/CORE]: Found 4 implementations of IModFileCandidateLocator:
[296月2026 19:15:51.257] [main/DEBUG] [net.neoforged.fml.util.ServiceLoaderUtil/CORE]: 	       0 - [built-in] net.neoforged.fml.loading.moddiscovery.locators.NeoForgeDevProvider from loader-4.0.41.jar
[296月2026 19:15:51.257] [main/DEBUG] [net.neoforged.fml.util.ServiceLoaderUtil/CORE]: 	       0 - net.neoforged.fml.loading.moddiscovery.locators.ModsFolderLocator from loader-4.0.41.jar
[296月2026 19:15:51.258] [main/DEBUG] [net.neoforged.fml.util.ServiceLoaderUtil/CORE]: 	       0 - net.neoforged.fml.loading.moddiscovery.locators.MavenDirectoryLocator from loader-4.0.41.jar
[296月2026 19:15:51.258] [main/DEBUG] [net.neoforged.fml.util.ServiceLoaderUtil/CORE]: 	   -1000 - [built-in] net.neoforged.fml.loading.moddiscovery.locators.UserdevLocator from loader-4.0.41.jar
[296月2026 19:15:51.259] [main/DEBUG] [net.neoforged.fml.util.ServiceLoaderUtil/CORE]: Found 2 implementations of IModFileReader:
[296月2026 19:15:51.259] [main/DEBUG] [net.neoforged.fml.util.ServiceLoaderUtil/CORE]: 	       0 - net.neoforged.fml.loading.moddiscovery.readers.JarModsDotTomlModFileReader from loader-4.0.41.jar
[296月2026 19:15:51.259] [main/DEBUG] [net.neoforged.fml.util.ServiceLoaderUtil/CORE]: 	   -1000 - net.neoforged.fml.loading.moddiscovery.readers.NestedLibraryModReader from loader-4.0.41.jar
[296月2026 19:15:51.260] [main/DEBUG] [net.neoforged.fml.util.ServiceLoaderUtil/CORE]: Found 1 implementations of IDependencyLocator:
[296月2026 19:15:51.260] [main/DEBUG] [net.neoforged.fml.util.ServiceLoaderUtil/CORE]: 	       0 - net.neoforged.fml.loading.moddiscovery.locators.JarInJarDependencyLocator from loader-4.0.41.jar
[296月2026 19:15:51.301] [main/DEBUG] [net.neoforged.fml.loading.moddiscovery.ModFileInfo/LOADING]: Found valid mod file neoforge-21.1.190.jar with {minecraft} mods - versions {1.21.1}
[296月2026 19:15:51.308] [main/DEBUG] [net.neoforged.fml.loading.moddiscovery.ModFileParser/LOADING]: Considering mod file candidate C:\Users\12501\MCreatorWorkspaces\spearcore\build\moddev\artifacts\neoforge-21.1.190.jar
[296月2026 19:15:51.319] [main/DEBUG] [net.neoforged.fml.loading.moddiscovery.ModFileInfo/LOADING]: Found valid mod file neoforge-21.1.190.jar with {neoforge} mods - versions {21.1.190}
[296月2026 19:15:51.321] [main/DEBUG] [net.neoforged.fml.loading.moddiscovery.ModListHandler/CORE]: Found mod coordinates from lists: []
[296月2026 19:15:51.322] [main/DEBUG] [net.neoforged.fml.loading.moddiscovery.ModFileParser/LOADING]: Considering mod file candidate C:\Users\12501\MCreatorWorkspaces\spearcore\build\classes\java\main
[296月2026 19:15:51.326] [main/DEBUG] [net.neoforged.fml.loading.moddiscovery.ModFileInfo/LOADING]: Found valid mod file main with {spearcore} mods - versions {1.2.0}
[296月2026 19:15:51.326] [pool-2-thread-1/INFO] [EARLYDISPLAY/]: GL info: AMD Radeon RX 7900 XT GL version 4.6.0 Core Profile Context 26.2.2.260209, ATI Technologies Inc.
[296月2026 19:15:51.332] [main/DEBUG] [net.neoforged.fml.loading.moddiscovery.ModFileParser/LOADING]: Considering mod file candidate C:\Users\12501\MCreatorWorkspaces\spearcore\libs\jei-1.21.1-neoforge-19.27.0.340.jar
[296月2026 19:15:51.334] [main/DEBUG] [net.neoforged.fml.loading.moddiscovery.ModFileInfo/LOADING]: Found valid mod file jei-1.21.1-neoforge-19.27.0.340.jar with {jei} mods - versions {19.27.0.340}
[296月2026 19:15:51.339] [main/DEBUG] [net.neoforged.fml.loading.moddiscovery.ModFileParser/LOADING]: Considering mod file candidate C:\Users\12501\MCreatorWorkspaces\spearcore\libs\[输入法冲突修复] IMBlocker-5.4.6.1-neoforge+1.20.6-1.21.8.jar
[296月2026 19:15:51.340] [main/DEBUG] [net.neoforged.fml.loading.moddiscovery.ModFileInfo/LOADING]: Found valid mod file [输入法冲突修复] IMBlocker-5.4.6.1-neoforge+1.20.6-1.21.8.jar with {imblocker} mods - versions {5.4.6.1}
[296月2026 19:15:51.345] [main/DEBUG] [net.neoforged.fml.loading.moddiscovery.ModFileParser/LOADING]: Considering mod file candidate C:\Users\12501\MCreatorWorkspaces\spearcore\build\moddev\artifacts\neoforge-21.1.190.jar
[296月2026 19:15:51.347] [main/DEBUG] [net.neoforged.fml.loading.moddiscovery.ModFileInfo/LOADING]: Found valid mod file neoforge-21.1.190.jar with {neoforge} mods - versions {21.1.190}
[296月2026 19:15:51.382] [main/DEBUG] [net.neoforged.fml.loading.moddiscovery.ModDiscoverer/]: Skipping C:\Users\12501\.mcreator\gradle\caches\modules-2\files-2.1\net.neoforged.fancymodloader\earlydisplay\4.0.41\53dfbd387ed1b88c7d144bdb6551b7f57d5da6d7\earlydisplay-4.0.41.jar because it was already located earlier
[296月2026 19:15:51.382] [main/DEBUG] [net.neoforged.fml.loading.moddiscovery.ModDiscoverer/]: Skipping C:\Users\12501\.mcreator\gradle\caches\modules-2\files-2.1\net.neoforged.fancymodloader\loader\4.0.41\3aebc81b9347fa87bb629ffaed20276f2a4c944e\loader-4.0.41.jar because it was already located earlier
[296月2026 19:15:51.383] [main/DEBUG] [net.neoforged.fml.loading.moddiscovery.ModDiscoverer/]: Skipping C:\Users\12501\.mcreator\gradle\caches\modules-2\files-2.1\net.neoforged.accesstransformers\at-modlauncher\10.0.1\5aba50202aceead086bc09fbc2751c9f05cb4890\at-modlauncher-10.0.1.jar because it was already located earlier
[296月2026 19:15:51.383] [main/DEBUG] [net.neoforged.fml.loading.moddiscovery.ModDiscoverer/]: Skipping C:\Users\12501\.mcreator\gradle\caches\modules-2\files-2.1\net.neoforged\accesstransformers\10.0.1\fd83b5725f76eae9115e9355fa1c456a6a441400\accesstransformers-10.0.1.jar because it was already located earlier
[296月2026 19:15:51.383] [main/DEBUG] [net.neoforged.fml.loading.moddiscovery.ModDiscoverer/]: Skipping C:\Users\12501\.mcreator\gradle\caches\modules-2\files-2.1\net.neoforged\bus\8.0.5\5b2d33285ab5d1554e9798ad98c40d6ea3868bd5\bus-8.0.5.jar because it was already located earlier
[296月2026 19:15:51.383] [main/DEBUG] [net.neoforged.fml.loading.moddiscovery.ModDiscoverer/]: Skipping C:\Users\12501\.mcreator\gradle\caches\modules-2\files-2.1\net.neoforged\coremods\7.0.3\9147e6f638b4272b3bd5fc8f92ad37802512c6c\coremods-7.0.3.jar because it was already located earlier
[296月2026 19:15:51.383] [main/DEBUG] [net.neoforged.fml.loading.moddiscovery.ModDiscoverer/]: Skipping C:\Users\12501\.mcreator\gradle\caches\modules-2\files-2.1\cpw.mods\modlauncher\11.0.5\b8f0d49294f733fdb6173931b263553e943dc950\modlauncher-11.0.5.jar because it was already located earlier
[296月2026 19:15:51.383] [main/DEBUG] [net.neoforged.fml.loading.moddiscovery.ModDiscoverer/]: Skipping C:\Users\12501\.mcreator\gradle\caches\modules-2\files-2.1\net.neoforged\mergetool\2.0.0\52fe1949be64e3303aabaaa21e315f551db9c9f4\mergetool-2.0.0-api.jar because it was already located earlier
[296月2026 19:15:51.383] [main/DEBUG] [net.neoforged.fml.loading.moddiscovery.ModDiscoverer/]: Skipping C:\Users\12501\.mcreator\gradle\caches\modules-2\files-2.1\com.electronwill.night-config\toml\3.8.2\c128842f759692f613ea6c3ef0ef052273bbb38c\toml-3.8.2.jar because it was already located earlier
[296月2026 19:15:51.383] [main/DEBUG] [net.neoforged.fml.loading.moddiscovery.ModDiscoverer/]: Skipping C:\Users\12501\.mcreator\gradle\caches\modules-2\files-2.1\com.electronwill.night-config\core\3.8.2\94eee571e1524129804d08c75f6416a3be380ad4\core-3.8.2.jar because it was already located earlier
[296月2026 19:15:51.383] [main/DEBUG] [net.neoforged.fml.loading.moddiscovery.ModDiscoverer/]: Skipping C:\Users\12501\.mcreator\gradle\caches\modules-2\files-2.1\net.neoforged\JarJarSelector\0.4.1\fb3cc7a58af22ad2880adb98af6d518128c47dae\JarJarSelector-0.4.1.jar because it was already located earlier
[296月2026 19:15:51.383] [main/DEBUG] [net.neoforged.fml.loading.moddiscovery.ModDiscoverer/]: Skipping C:\Users\12501\.mcreator\gradle\caches\modules-2\files-2.1\net.neoforged\JarJarMetadata\0.4.1\f8da03683dc81694556dc3e177c5e3bb77ae6fcb\JarJarMetadata-0.4.1.jar because it was already located earlier
[296月2026 19:15:51.383] [main/DEBUG] [net.neoforged.fml.loading.moddiscovery.ModDiscoverer/]: Skipping C:\Users\12501\.mcreator\gradle\caches\modules-2\files-2.1\org.apache.maven\maven-artifact\3.8.5\4433f50c07debefaed0553bd0068f4f48d449313\maven-artifact-3.8.5.jar because it was already located earlier
[296月2026 19:15:51.384] [main/DEBUG] [net.neoforged.fml.loading.moddiscovery.ModDiscoverer/]: Skipping C:\Users\12501\.mcreator\gradle\caches\modules-2\files-2.1\net.jodah\typetools\0.6.3\a01aaa6ddaea9ec07ec4f209487b7a46a526283a\typetools-0.6.3.jar because it was already located earlier
[296月2026 19:15:51.384] [main/DEBUG] [net.neoforged.fml.loading.moddiscovery.ModDiscoverer/]: Skipping C:\Users\12501\.mcreator\gradle\caches\modules-2\files-2.1\net.minecrell\terminalconsoleappender\1.3.0\b562e9bb61235c9520e26282cdee71f8f802d1fc\terminalconsoleappender-1.3.0.jar because it was already located earlier
[296月2026 19:15:51.384] [main/DEBUG] [net.neoforged.fml.loading.moddiscovery.ModDiscoverer/]: Skipping C:\Users\12501\.mcreator\gradle\caches\modules-2\files-2.1\net.fabricmc\sponge-mixin\0.15.2+mixin.0.8.7\2af2f021d8e02a0220dc27a7a72b4666d66d44ca\sponge-mixin-0.15.2+mixin.0.8.7.jar because it was already located earlier
[296月2026 19:15:51.384] [main/DEBUG] [net.neoforged.fml.loading.moddiscovery.ModDiscoverer/]: Skipping C:\Users\12501\.mcreator\gradle\caches\modules-2\files-2.1\org.openjdk.nashorn\nashorn-core\15.4\f67f5ffaa5f5130cf6fb9b133da00c7df3b532a5\nashorn-core-15.4.jar because it was already located earlier
[296月2026 19:15:51.384] [main/DEBUG] [net.neoforged.fml.loading.moddiscovery.ModDiscoverer/]: Skipping C:\Users\12501\.mcreator\gradle\caches\modules-2\files-2.1\org.apache.commons\commons-lang3\3.14.0\1ed471194b02f2c6cb734a0cd6f6f107c673afae\commons-lang3-3.14.0.jar because it was already located earlier
[296月2026 19:15:51.384] [main/DEBUG] [net.neoforged.fml.loading.moddiscovery.ModDiscoverer/]: Skipping C:\Users\12501\.mcreator\gradle\caches\modules-2\files-2.1\net.sf.jopt-simple\jopt-simple\5.0.4\4fdac2fbe92dfad86aa6e9301736f6b4342a3f5c\jopt-simple-5.0.4.jar because it was already located earlier
[296月2026 19:15:51.384] [main/DEBUG] [net.neoforged.fml.loading.moddiscovery.ModDiscoverer/]: Skipping C:\Users\12501\.mcreator\gradle\caches\modules-2\files-2.1\commons-io\commons-io\2.15.1\f11560da189ab563a5c8e351941415430e9304ea\commons-io-2.15.1.jar because it was already located earlier
[296月2026 19:15:51.384] [main/DEBUG] [net.neoforged.fml.loading.moddiscovery.ModDiscoverer/]: Skipping C:\Users\12501\.mcreator\gradle\caches\modules-2\files-2.1\com.mojang\logging\1.2.7\24cb95ffb0e3433fd6e844c04e68009e504ca1c0\logging-1.2.7.jar because it was already located earlier
[296月2026 19:15:51.384] [main/DEBUG] [net.neoforged.fml.loading.moddiscovery.ModDiscoverer/]: Skipping C:\Users\12501\.mcreator\gradle\caches\modules-2\files-2.1\org.apache.logging.log4j\log4j-slf4j2-impl\2.22.1\d7e6693c2606cb7e7335047d7bb96dec52db5665\log4j-slf4j2-impl-2.22.1.jar because it was already located earlier
[296月2026 19:15:51.384] [main/DEBUG] [net.neoforged.fml.loading.moddiscovery.ModDiscoverer/]: Skipping C:\Users\12501\.mcreator\gradle\caches\modules-2\files-2.1\org.apache.logging.log4j\log4j-core\2.22.1\7183a25510a02ad00cc6a95d3b3d2a7d3c5a8dc4\log4j-core-2.22.1.jar because it was already located earlier
[296月2026 19:15:51.384] [main/DEBUG] [net.neoforged.fml.loading.moddiscovery.ModDiscoverer/]: Skipping C:\Users\12501\.mcreator\gradle\caches\modules-2\files-2.1\org.apache.logging.log4j\log4j-api\2.22.1\bea6fede6328fabafd7e68363161a7ea6605abd1\log4j-api-2.22.1.jar because it was already located earlier
[296月2026 19:15:51.384] [main/DEBUG] [net.neoforged.fml.loading.moddiscovery.ModDiscoverer/]: Skipping C:\Users\12501\.mcreator\gradle\caches\modules-2\files-2.1\com.google.guava\guava\32.1.2-jre\5e64ec7e056456bef3a4bc4c6fdaef71e8ab6318\guava-32.1.2-jre.jar because it was already located earlier
[296月2026 19:15:51.384] [main/DEBUG] [net.neoforged.fml.loading.moddiscovery.ModDiscoverer/]: Skipping C:\Users\12501\.mcreator\gradle\caches\modules-2\files-2.1\com.google.code.gson\gson\2.10.1\b3add478d4382b78ea20b1671390a858002feb6c\gson-2.10.1.jar because it was already located earlier
[296月2026 19:15:51.385] [main/DEBUG] [net.neoforged.fml.loading.moddiscovery.ModDiscoverer/]: Skipping C:\Users\12501\.mcreator\gradle\caches\modules-2\files-2.1\org.slf4j\slf4j-api\2.0.9\7cf2726fdcfbc8610f9a71fb3ed639871f315340\slf4j-api-2.0.9.jar because it was already located earlier
[296月2026 19:15:51.385] [main/DEBUG] [net.neoforged.fml.loading.moddiscovery.ModDiscoverer/]: Skipping C:\Users\12501\.mcreator\gradle\caches\modules-2\files-2.1\org.antlr\antlr4-runtime\4.13.1\17125bae1d965624e265ef49552f6465a2bfa307\antlr4-runtime-4.13.1.jar because it was already located earlier
[296月2026 19:15:51.385] [main/DEBUG] [net.neoforged.fml.loading.moddiscovery.ModDiscoverer/]: Skipping C:\Users\12501\.mcreator\gradle\caches\modules-2\files-2.1\net.minecraftforge\srgutils\0.4.15\ca408b131759478f164e010fae0d73997e125fb5\srgutils-0.4.15.jar because it was already located earlier
[296月2026 19:15:51.385] [main/DEBUG] [net.neoforged.fml.loading.moddiscovery.ModDiscoverer/]: Skipping C:\Users\12501\.mcreator\gradle\caches\modules-2\files-2.1\org.codehaus.plexus\plexus-utils\3.3.0\cf43b5391de623b36fe066a21127baef82c64022\plexus-utils-3.3.0.jar because it was already located earlier
[296月2026 19:15:51.385] [main/DEBUG] [net.neoforged.fml.loading.moddiscovery.ModDiscoverer/]: Skipping C:\Users\12501\.mcreator\gradle\caches\modules-2\files-2.1\org.jline\jline-reader\3.20.0\8f15415b022a25b473e8e16c28ae913186ffb9c4\jline-reader-3.20.0.jar because it was already located earlier
[296月2026 19:15:51.385] [main/DEBUG] [net.neoforged.fml.loading.moddiscovery.ModDiscoverer/]: Skipping C:\Users\12501\.mcreator\gradle\caches\modules-2\files-2.1\com.machinezoo.noexception\noexception\1.7.1\b65330c98e38a1f915fa54a6e5eca496505e3f0a\noexception-1.7.1.jar because it was already located earlier
[296月2026 19:15:51.385] [main/DEBUG] [net.neoforged.fml.loading.moddiscovery.ModDiscoverer/]: Skipping C:\Users\12501\.mcreator\gradle\caches\modules-2\files-2.1\com.google.guava\failureaccess\1.0.1\1dcf1de382a0bf95a3d8b0849546c88bac1292c9\failureaccess-1.0.1.jar because it was already located earlier
[296月2026 19:15:51.385] [main/DEBUG] [net.neoforged.fml.loading.moddiscovery.ModDiscoverer/]: Skipping C:\Users\12501\.mcreator\gradle\caches\modules-2\files-2.1\com.google.guava\listenablefuture\9999.0-empty-to-avoid-conflict-with-guava\b421526c5f297295adef1c886e5246c39d4ac629\listenablefuture-9999.0-empty-to-avoid-conflict-with-guava.jar because it was already located earlier
[296月2026 19:15:51.385] [main/DEBUG] [net.neoforged.fml.loading.moddiscovery.ModDiscoverer/]: Skipping C:\Users\12501\.mcreator\gradle\caches\modules-2\files-2.1\com.google.code.findbugs\jsr305\3.0.2\25ea2e8b0c338a877313bd4672d3fe056ea78f0d\jsr305-3.0.2.jar because it was already located earlier
[296月2026 19:15:51.385] [main/DEBUG] [net.neoforged.fml.loading.moddiscovery.ModDiscoverer/]: Skipping C:\Users\12501\.mcreator\gradle\caches\modules-2\files-2.1\org.checkerframework\checker-qual\3.33.0\de2b60b62da487644fc11f734e73c8b0b431238f\checker-qual-3.33.0.jar because it was already located earlier
[296月2026 19:15:51.385] [main/DEBUG] [net.neoforged.fml.loading.moddiscovery.ModDiscoverer/]: Skipping C:\Users\12501\.mcreator\gradle\caches\modules-2\files-2.1\com.google.errorprone\error_prone_annotations\2.18.0\89b684257096f548fa39a7df9fdaa409d4d4df91\error_prone_annotations-2.18.0.jar because it was already located earlier
[296月2026 19:15:51.385] [main/DEBUG] [net.neoforged.fml.loading.moddiscovery.ModDiscoverer/]: Skipping C:\Users\12501\.mcreator\gradle\caches\modules-2\files-2.1\com.google.j2objc\j2objc-annotations\2.8\c85270e307e7b822f1086b93689124b89768e273\j2objc-annotations-2.8.jar because it was already located earlier
[296月2026 19:15:51.386] [main/DEBUG] [net.neoforged.fml.loading.moddiscovery.ModDiscoverer/]: Skipping C:\Users\12501\.mcreator\gradle\caches\modules-2\files-2.1\org.jline\jline-terminal\3.20.0\d0ddcc708ddf527a3454c941b7b9225cc83a15ff\jline-terminal-3.20.0.jar because it was already located earlier
[296月2026 19:15:51.386] [main/DEBUG] [net.neoforged.fml.loading.moddiscovery.ModDiscoverer/]: Skipping C:\Users\12501\.mcreator\gradle\caches\modules-2\files-2.1\com.github.oshi\oshi-core\6.4.10\b1d8ab82d11d92fd639b56d639f8f46f739dd5fa\oshi-core-6.4.10.jar because it was already located earlier
[296月2026 19:15:51.386] [main/DEBUG] [net.neoforged.fml.loading.moddiscovery.ModDiscoverer/]: Skipping C:\Users\12501\.mcreator\gradle\caches\modules-2\files-2.1\com.ibm.icu\icu4j\73.2\61ad4ef7f9131fcf6d25c34b817f90d6da06c9e9\icu4j-73.2.jar because it was already located earlier
[296月2026 19:15:51.386] [main/DEBUG] [net.neoforged.fml.loading.moddiscovery.ModDiscoverer/]: Skipping C:\Users\12501\.mcreator\gradle\caches\modules-2\files-2.1\com.mojang\authlib\6.0.54\de8bc95660e1b2fe8793fd427a7a10dcec5b3ea7\authlib-6.0.54.jar because it was already located earlier
[296月2026 19:15:51.386] [main/DEBUG] [net.neoforged.fml.loading.moddiscovery.ModDiscoverer/]: Skipping C:\Users\12501\.mcreator\gradle\caches\modules-2\files-2.1\com.mojang\blocklist\1.0.10\5c685c5ffa94c4cd39496c7184c1d122e515ecef\blocklist-1.0.10.jar because it was already located earlier
[296月2026 19:15:51.386] [main/DEBUG] [net.neoforged.fml.loading.moddiscovery.ModDiscoverer/]: Skipping C:\Users\12501\.mcreator\gradle\caches\modules-2\files-2.1\com.mojang\brigadier\1.3.10\d15b53a14cf20fdcaa98f731af5dda654452c010\brigadier-1.3.10.jar because it was already located earlier
[296月2026 19:15:51.386] [main/DEBUG] [net.neoforged.fml.loading.moddiscovery.ModDiscoverer/]: Skipping C:\Users\12501\.mcreator\gradle\caches\modules-2\files-2.1\com.mojang\datafixerupper\8.0.16\67d4de6d7f95d89bcf5862995fb854ebaec02a34\datafixerupper-8.0.16.jar because it was already located earlier
[296月2026 19:15:51.386] [main/DEBUG] [net.neoforged.fml.loading.moddiscovery.ModDiscoverer/]: Skipping C:\Users\12501\.mcreator\gradle\caches\modules-2\files-2.1\com.mojang\patchy\2.2.10\da05971b07cbb379d002cf7eaec6a2048211fefc\patchy-2.2.10.jar because it was already located earlier
[296月2026 19:15:51.386] [main/DEBUG] [net.neoforged.fml.loading.moddiscovery.ModDiscoverer/]: Skipping C:\Users\12501\.mcreator\gradle\caches\modules-2\files-2.1\com.mojang\text2speech\1.17.9\3cad216e3a7f0c19b4b394388bc9ffc446f13b14\text2speech-1.17.9.jar because it was already located earlier
[296月2026 19:15:51.386] [main/DEBUG] [net.neoforged.fml.loading.moddiscovery.ModDiscoverer/]: Skipping C:\Users\12501\.mcreator\gradle\caches\modules-2\files-2.1\commons-codec\commons-codec\1.16.0\4e3eb3d79888d76b54e28b350915b5dc3919c9de\commons-codec-1.16.0.jar because it was already located earlier
[296月2026 19:15:51.386] [main/DEBUG] [net.neoforged.fml.loading.moddiscovery.ModDiscoverer/]: Skipping C:\Users\12501\.mcreator\gradle\caches\modules-2\files-2.1\commons-logging\commons-logging\1.2\4bfc12adfe4842bf07b657f0369c4cb522955686\commons-logging-1.2.jar because it was already located earlier
[296月2026 19:15:51.386] [main/DEBUG] [net.neoforged.fml.loading.moddiscovery.ModDiscoverer/]: Skipping C:\Users\12501\.mcreator\gradle\caches\modules-2\files-2.1\io.netty\netty-buffer\4.1.97.Final\f8f3d8644afa5e6e1a40a3a6aeb9d9aa970ecb4f\netty-buffer-4.1.97.Final.jar because it was already located earlier
[296月2026 19:15:51.386] [main/DEBUG] [net.neoforged.fml.loading.moddiscovery.ModDiscoverer/]: Skipping C:\Users\12501\.mcreator\gradle\caches\modules-2\files-2.1\io.netty\netty-codec\4.1.97.Final\384ba4d75670befbedb45c4d3b497a93639c206d\netty-codec-4.1.97.Final.jar because it was already located earlier
[296月2026 19:15:51.386] [main/DEBUG] [net.neoforged.fml.loading.moddiscovery.ModDiscoverer/]: Skipping C:\Users\12501\.mcreator\gradle\caches\modules-2\files-2.1\io.netty\netty-common\4.1.97.Final\7cceacaf11df8dc63f23d0fb58e9d4640fc88404\netty-common-4.1.97.Final.jar because it was already located earlier
[296月2026 19:15:51.388] [main/DEBUG] [net.neoforged.fml.loading.moddiscovery.ModDiscoverer/]: Skipping C:\Users\12501\.mcreator\gradle\caches\modules-2\files-2.1\io.netty\netty-handler\4.1.97.Final\abb86c6906bf512bf2b797a41cd7d2e8d3cd7c36\netty-handler-4.1.97.Final.jar because it was already located earlier
[296月2026 19:15:51.388] [main/DEBUG] [net.neoforged.fml.loading.moddiscovery.ModDiscoverer/]: Skipping C:\Users\12501\.mcreator\gradle\caches\modules-2\files-2.1\io.netty\netty-resolver\4.1.97.Final\cec8348108dc76c47cf87c669d514be52c922144\netty-resolver-4.1.97.Final.jar because it was already located earlier
[296月2026 19:15:51.388] [main/DEBUG] [net.neoforged.fml.loading.moddiscovery.ModDiscoverer/]: Skipping C:\Users\12501\.mcreator\gradle\caches\modules-2\files-2.1\io.netty\netty-transport-classes-epoll\4.1.97.Final\795da37ded759e862457a82d9d92c4d39ce8ecee\netty-transport-classes-epoll-4.1.97.Final.jar because it was already located earlier
[296月2026 19:15:51.388] [main/DEBUG] [net.neoforged.fml.loading.moddiscovery.ModDiscoverer/]: Skipping C:\Users\12501\.mcreator\gradle\caches\modules-2\files-2.1\io.netty\netty-transport-native-unix-common\4.1.97.Final\d469d84265ab70095b01b40886cabdd433b6e664\netty-transport-native-unix-common-4.1.97.Final.jar because it was already located earlier
[296月2026 19:15:51.388] [main/DEBUG] [net.neoforged.fml.loading.moddiscovery.ModDiscoverer/]: Skipping C:\Users\12501\.mcreator\gradle\caches\modules-2\files-2.1\io.netty\netty-transport\4.1.97.Final\f37380d23c9bb079bc702910833b2fd532c9abd0\netty-transport-4.1.97.Final.jar because it was already located earlier
[296月2026 19:15:51.388] [main/DEBUG] [net.neoforged.fml.loading.moddiscovery.ModDiscoverer/]: Skipping C:\Users\12501\.mcreator\gradle\caches\modules-2\files-2.1\it.unimi.dsi\fastutil\8.5.12\c24946d46824bd528054bface3231d2ecb7e95e8\fastutil-8.5.12.jar because it was already located earlier
[296月2026 19:15:51.388] [main/DEBUG] [net.neoforged.fml.loading.moddiscovery.ModDiscoverer/]: Skipping C:\Users\12501\.mcreator\gradle\caches\modules-2\files-2.1\net.java.dev.jna\jna-platform\5.14.0\28934d48aed814f11e4c584da55c49fa7032b31b\jna-platform-5.14.0.jar because it was already located earlier
[296月2026 19:15:51.388] [main/DEBUG] [net.neoforged.fml.loading.moddiscovery.ModDiscoverer/]: Skipping C:\Users\12501\.mcreator\gradle\caches\modules-2\files-2.1\net.java.dev.jna\jna\5.14.0\67bf3eaea4f0718cb376a181a629e5f88fa1c9dd\jna-5.14.0.jar because it was already located earlier
[296月2026 19:15:51.388] [main/DEBUG] [net.neoforged.fml.loading.moddiscovery.ModDiscoverer/]: Skipping C:\Users\12501\.mcreator\gradle\caches\modules-2\files-2.1\org.apache.commons\commons-compress\1.26.0\659feffdd12280201c8aacb8f7be94f9a883c824\commons-compress-1.26.0.jar because it was already located earlier
[296月2026 19:15:51.388] [main/DEBUG] [net.neoforged.fml.loading.moddiscovery.ModDiscoverer/]: Skipping C:\Users\12501\.mcreator\gradle\caches\modules-2\files-2.1\org.apache.httpcomponents\httpclient\4.5.13\e5f6cae5ca7ecaac1ec2827a9e2d65ae2869cada\httpclient-4.5.13.jar because it was already located earlier
[296月2026 19:15:51.388] [main/DEBUG] [net.neoforged.fml.loading.moddiscovery.ModDiscoverer/]: Skipping C:\Users\12501\.mcreator\gradle\caches\modules-2\files-2.1\org.apache.httpcomponents\httpcore\4.4.16\51cf043c87253c9f58b539c9f7e44c8894223850\httpcore-4.4.16.jar because it was already located earlier
[296月2026 19:15:51.388] [main/DEBUG] [net.neoforged.fml.loading.moddiscovery.ModDiscoverer/]: Skipping C:\Users\12501\.mcreator\gradle\caches\modules-2\files-2.1\org.jcraft\jorbis\0.0.17\8872d22b293e8f5d7d56ff92be966e6dc28ebdc6\jorbis-0.0.17.jar because it was already located earlier
[296月2026 19:15:51.388] [main/DEBUG] [net.neoforged.fml.loading.moddiscovery.ModDiscoverer/]: Skipping C:\Users\12501\.mcreator\gradle\caches\modules-2\files-2.1\org.joml\joml\1.10.5\22566d58af70ad3d72308bab63b8339906deb649\joml-1.10.5.jar because it was already located earlier
[296月2026 19:15:51.388] [main/DEBUG] [net.neoforged.fml.loading.moddiscovery.ModDiscoverer/]: Skipping C:\Users\12501\.mcreator\gradle\caches\modules-2\files-2.1\org.lwjgl\lwjgl-freetype\3.3.3\a0db6c84a8becc8ca05f9dbfa985edc348a824c7\lwjgl-freetype-3.3.3.jar because it was already located earlier
[296月2026 19:15:51.397] [main/DEBUG] [net.neoforged.fml.loading.moddiscovery.ModDiscoverer/]: Skipping C:\Users\12501\.mcreator\gradle\caches\modules-2\files-2.1\org.lwjgl\lwjgl-freetype\3.3.3\15a8c1de7f51d07a92eae7ce1222557073a0c0c3\lwjgl-freetype-3.3.3-natives-windows-x86.jar because it was already located earlier
[296月2026 19:15:51.399] [main/DEBUG] [net.neoforged.fml.loading.moddiscovery.ModDiscoverer/]: Skipping C:\Users\12501\.mcreator\gradle\caches\modules-2\files-2.1\org.lwjgl\lwjgl-glfw\3.3.3\efa1eb78c5ccd840e9f329717109b5e892d72f8e\lwjgl-glfw-3.3.3.jar because it was already located earlier
[296月2026 19:15:51.407] [main/DEBUG] [net.neoforged.fml.loading.moddiscovery.ModDiscoverer/]: Skipping C:\Users\12501\.mcreator\gradle\caches\modules-2\files-2.1\org.lwjgl\lwjgl-glfw\3.3.3\32334f3fd5270a59bad9939a93115acb6de36dcf\lwjgl-glfw-3.3.3-natives-windows-x86.jar because it was already located earlier
[296月2026 19:15:51.408] [main/DEBUG] [net.neoforged.fml.loading.moddiscovery.ModDiscoverer/]: Skipping C:\Users\12501\.mcreator\gradle\caches\modules-2\files-2.1\org.lwjgl\lwjgl-jemalloc\3.3.3\b543467b7ff3c6920539a88ee602d34098628be5\lwjgl-jemalloc-3.3.3.jar because it was already located earlier
[296月2026 19:15:51.408] [main/DEBUG] [net.neoforged.fml.loading.moddiscovery.ModDiscoverer/]: Skipping C:\Users\12501\.mcreator\gradle\caches\modules-2\files-2.1\org.lwjgl\lwjgl-jemalloc\3.3.3\426222fc027602a5f21b9c0fe79cde6a4c7a011f\lwjgl-jemalloc-3.3.3-natives-windows.jar because it was already located earlier
[296月2026 19:15:51.416] [main/DEBUG] [net.neoforged.fml.loading.moddiscovery.ModDiscoverer/]: Skipping C:\Users\12501\.mcreator\gradle\caches\modules-2\files-2.1\org.lwjgl\lwjgl-openal\3.3.3\daada81ceb5fc0c291fbfdd4433cb8d9423577f2\lwjgl-openal-3.3.3.jar because it was already located earlier
[296月2026 19:15:51.425] [main/DEBUG] [net.neoforged.fml.loading.moddiscovery.ModDiscoverer/]: Skipping C:\Users\12501\.mcreator\gradle\caches\modules-2\files-2.1\org.lwjgl\lwjgl-openal\3.3.3\87b8d5050e3adb46bb58fe1cb2669a4a48fce10d\lwjgl-openal-3.3.3-natives-windows-x86.jar because it was already located earlier
[296月2026 19:15:51.425] [main/DEBUG] [net.neoforged.fml.loading.moddiscovery.ModDiscoverer/]: Skipping C:\Users\12501\.mcreator\gradle\caches\modules-2\files-2.1\org.lwjgl\lwjgl-opengl\3.3.3\2f6b0147078396a58979125a4c947664e98293a\lwjgl-opengl-3.3.3.jar because it was already located earlier
[296月2026 19:15:51.431] [main/DEBUG] [net.neoforged.fml.loading.moddiscovery.ModDiscoverer/]: Skipping C:\Users\12501\.mcreator\gradle\caches\modules-2\files-2.1\org.lwjgl\lwjgl-opengl\3.3.3\65e956d3735a1abdc82eff4baec1b61174697d4b\lwjgl-opengl-3.3.3-natives-windows-arm64.jar because it was already located earlier
[296月2026 19:15:51.436] [main/DEBUG] [net.neoforged.fml.loading.moddiscovery.ModDiscoverer/]: Skipping C:\Users\12501\.mcreator\gradle\caches\modules-2\files-2.1\org.lwjgl\lwjgl-stb\3.3.3\25dd6161988d7e65f71d5065c99902402ee32746\lwjgl-stb-3.3.3.jar because it was already located earlier
[296月2026 19:15:51.436] [main/DEBUG] [net.neoforged.fml.loading.moddiscovery.ModDiscoverer/]: Skipping C:\Users\12501\.mcreator\gradle\caches\modules-2\files-2.1\org.lwjgl\lwjgl-stb\3.3.3\1d9facdf6541de114b0f963be33505b7679c78cb\lwjgl-stb-3.3.3-natives-windows.jar because it was already located earlier
[296月2026 19:15:51.445] [main/DEBUG] [net.neoforged.fml.loading.moddiscovery.ModDiscoverer/]: Skipping C:\Users\12501\.mcreator\gradle\caches\modules-2\files-2.1\org.lwjgl\lwjgl-tinyfd\3.3.3\82d755ca94b102e9ca77283b9e2dc46d1b15fbe5\lwjgl-tinyfd-3.3.3.jar because it was already located earlier
[296月2026 19:15:51.446] [main/DEBUG] [net.neoforged.fml.loading.moddiscovery.ModDiscoverer/]: Skipping C:\Users\12501\.mcreator\gradle\caches\modules-2\files-2.1\org.lwjgl\lwjgl-tinyfd\3.3.3\a6697981b0449a5087c1d546fc08b4f73e8f98c9\lwjgl-tinyfd-3.3.3-natives-windows.jar because it was already located earlier
[296月2026 19:15:51.456] [main/DEBUG] [net.neoforged.fml.loading.moddiscovery.ModDiscoverer/]: Skipping C:\Users\12501\.mcreator\gradle\caches\modules-2\files-2.1\org.lwjgl\lwjgl\3.3.3\29589b5f87ed335a6c7e7ee6a5775f81f97ecb84\lwjgl-3.3.3.jar because it was already located earlier
[296月2026 19:15:51.465] [main/DEBUG] [net.neoforged.fml.loading.moddiscovery.ModDiscoverer/]: Skipping C:\Users\12501\.mcreator\gradle\caches\modules-2\files-2.1\org.lwjgl\lwjgl\3.3.3\9e670718e050aeaeea0c2d5b907cffb142f2e58f\lwjgl-3.3.3-natives-windows-x86.jar because it was already located earlier
[296月2026 19:15:51.465] [main/DEBUG] [net.neoforged.fml.loading.moddiscovery.ModDiscoverer/]: Skipping C:\Users\12501\.mcreator\gradle\caches\modules-2\files-2.1\org.lz4\lz4-java\1.8.0\4b986a99445e49ea5fbf5d149c4b63f6ed6c6780\lz4-java-1.8.0.jar because it was already located earlier
[296月2026 19:15:51.466] [main/DEBUG] [net.neoforged.fml.loading.UniqueModListBuilder/]: Found 2 mods for first modid neoforge, selecting most recent based on version data
[296月2026 19:15:51.466] [main/DEBUG] [net.neoforged.fml.loading.UniqueModListBuilder/]: Selected file neoforge-21.1.190.jar for modid neoforge with version 21.1.190
[296月2026 19:15:51.547] [main/INFO] [net.neoforged.fml.loading.moddiscovery.locators.JarInJarDependencyLocator/]: Found 2 dependencies adding them to mods collection
[296月2026 19:15:51.549] [main/INFO] [net.neoforged.fml.loading.moddiscovery.ModDiscoverer/]: 
     Mod List:
		Name Version (Mod Id)

		IMBlocker 5.4.6.1 (imblocker)
		Just Enough Items 19.27.0.340 (jei)
		Minecraft 1.21.1 (minecraft)
		NeoForge 21.1.190 (neoforge)
		Spear Core 1.2.0 (spearcore)
[296月2026 19:15:51.549] [main/DEBUG] [net.neoforged.fml.loading.moddiscovery.ModFileInfo/LOADING]: Found valid mod file neoforge-21.1.190.jar with {minecraft} mods - versions {1.21.1}
[296月2026 19:15:51.551] [main/DEBUG] [net.neoforged.fml.loading.moddiscovery.ModFile/LOADING]: Loading mod file C:\Users\12501\MCreatorWorkspaces\spearcore\build\moddev\artifacts\neoforge-21.1.190.jar with languages [LanguageSpec[languageName=minecraft, acceptedVersions=1]]
[296月2026 19:15:51.552] [main/DEBUG] [net.neoforged.fml.loading.moddiscovery.ModFileParser/LOADING]: Considering mod file candidate C:\Users\12501\MCreatorWorkspaces\spearcore\build\classes\java\main
[296月2026 19:15:51.553] [main/DEBUG] [net.neoforged.fml.loading.moddiscovery.ModFileInfo/LOADING]: Found valid mod file main with {spearcore} mods - versions {1.2.0}
[296月2026 19:15:51.553] [main/DEBUG] [net.neoforged.fml.loading.moddiscovery.ModFile/LOADING]: Loading mod file C:\Users\12501\MCreatorWorkspaces\spearcore\build\classes\java\main with languages [LanguageSpec[languageName=javafml, acceptedVersions=[4,)]]
[296月2026 19:15:51.554] [main/DEBUG] [net.neoforged.fml.loading.moddiscovery.ModFile/LOADING]: Found mixin config MixinConfig[config=spearcore.mixins.json, requiredMods=[]]
[296月2026 19:15:51.555] [main/DEBUG] [net.neoforged.fml.loading.moddiscovery.ModFileParser/LOADING]: Considering mod file candidate C:\Users\12501\MCreatorWorkspaces\spearcore\libs\[输入法冲突修复] IMBlocker-5.4.6.1-neoforge+1.20.6-1.21.8.jar
[296月2026 19:15:51.555] [main/DEBUG] [net.neoforged.fml.loading.moddiscovery.ModFileInfo/LOADING]: Found valid mod file [输入法冲突修复] IMBlocker-5.4.6.1-neoforge+1.20.6-1.21.8.jar with {imblocker} mods - versions {5.4.6.1}
[296月2026 19:15:51.555] [main/DEBUG] [net.neoforged.fml.loading.moddiscovery.ModFile/LOADING]: Loading mod file C:\Users\12501\MCreatorWorkspaces\spearcore\libs\[输入法冲突修复] IMBlocker-5.4.6.1-neoforge+1.20.6-1.21.8.jar with languages [LanguageSpec[languageName=javafml, acceptedVersions=[2,)]]
[296月2026 19:15:51.555] [main/DEBUG] [net.neoforged.fml.loading.moddiscovery.ModFile/LOADING]: Found mixin config MixinConfig[config=imblocker-neoforge.mixins.json, requiredMods=[]]
[296月2026 19:15:51.555] [main/DEBUG] [net.neoforged.fml.loading.moddiscovery.ModFileParser/LOADING]: Considering mod file candidate C:\Users\12501\MCreatorWorkspaces\spearcore\build\moddev\artifacts\neoforge-21.1.190.jar
[296月2026 19:15:51.556] [main/DEBUG] [net.neoforged.fml.loading.moddiscovery.ModFileInfo/LOADING]: Found valid mod file neoforge-21.1.190.jar with {neoforge} mods - versions {21.1.190}
[296月2026 19:15:51.556] [main/DEBUG] [net.neoforged.fml.loading.moddiscovery.ModFile/LOADING]: Loading mod file C:\Users\12501\MCreatorWorkspaces\spearcore\build\moddev\artifacts\neoforge-21.1.190.jar with languages [LanguageSpec[languageName=javafml, acceptedVersions=[3,]]]
[296月2026 19:15:51.556] [main/DEBUG] [net.neoforged.fml.loading.moddiscovery.ModFile/LOADING]: Found mixin config MixinConfig[config=neoforge.mixins.json, requiredMods=[]]
[296月2026 19:15:51.556] [main/DEBUG] [net.neoforged.fml.loading.moddiscovery.ModFileParser/LOADING]: Considering mod file candidate C:\Users\12501\MCreatorWorkspaces\spearcore\libs\jei-1.21.1-neoforge-19.27.0.340.jar
[296月2026 19:15:51.557] [main/DEBUG] [net.neoforged.fml.loading.moddiscovery.ModFileInfo/LOADING]: Found valid mod file jei-1.21.1-neoforge-19.27.0.340.jar with {jei} mods - versions {19.27.0.340}
[296月2026 19:15:51.557] [main/DEBUG] [net.neoforged.fml.loading.moddiscovery.ModFile/LOADING]: Loading mod file C:\Users\12501\MCreatorWorkspaces\spearcore\libs\jei-1.21.1-neoforge-19.27.0.340.jar with languages [LanguageSpec[languageName=javafml, acceptedVersions=[4,)]]
[296月2026 19:15:51.557] [main/DEBUG] [net.neoforged.fml.loading.moddiscovery.ModFile/LOADING]: Loading mod file  with languages []
[296月2026 19:15:51.558] [main/DEBUG] [cpw.mods.modlauncher.TransformationServiceDecorator/MODLAUNCHER]: End scan trigger - transformation service fml
[296月2026 19:15:51.565] [main/DEBUG] [net.neoforged.fml.util.ServiceLoaderUtil/CORE]: Found 3 implementations of IModLanguageLoader:
[296月2026 19:15:51.565] [main/DEBUG] [net.neoforged.fml.util.ServiceLoaderUtil/CORE]: 	net.neoforged.fml.javafmlmod.FMLJavaModLanguageProvider from loader-4.0.41.jar
[296月2026 19:15:51.566] [main/DEBUG] [net.neoforged.fml.util.ServiceLoaderUtil/CORE]: 	net.neoforged.fml.lowcodemod.LowCodeModLanguageProvider from loader-4.0.41.jar
[296月2026 19:15:51.566] [main/DEBUG] [net.neoforged.fml.util.ServiceLoaderUtil/CORE]: 	net.neoforged.fml.mclanguageprovider.MinecraftModLanguageProvider from loader-4.0.41.jar
[296月2026 19:15:51.567] [main/DEBUG] [net.neoforged.fml.loading.LanguageProviderLoader/CORE]: Found language provider javafml, version 4.0.41
[296月2026 19:15:51.567] [main/DEBUG] [net.neoforged.fml.loading.LanguageProviderLoader/CORE]: Found language provider lowcodefml, version 4.0.41
[296月2026 19:15:51.567] [main/DEBUG] [net.neoforged.fml.loading.LanguageProviderLoader/CORE]: Found language provider minecraft, version 4.0.41
[296月2026 19:15:51.571] [main/DEBUG] [net.neoforged.fml.loading.ModSorter/]: Configured system mods: [minecraft, neoforge]
[296月2026 19:15:51.571] [main/DEBUG] [net.neoforged.fml.loading.ModSorter/]: Found system mod: minecraft
[296月2026 19:15:51.571] [main/DEBUG] [net.neoforged.fml.loading.ModSorter/]: Found system mod: neoforge
[296月2026 19:15:51.572] [main/DEBUG] [net.neoforged.fml.loading.ModSorter/LOADING]: Found 4 mod requirements (4 mandatory, 0 optional)
[296月2026 19:15:51.573] [main/DEBUG] [net.neoforged.fml.loading.ModSorter/LOADING]: Found 0 mod requirements missing (0 mandatory, 0 optional)
[296月2026 19:15:51.658] [main/DEBUG] [mixin/]: Adding mixin platform agents for container net.neoforged.fml.loading.mixin.FMLMixinContainerHandle@7c4fc2bf
[296月2026 19:15:51.658] [main/DEBUG] [mixin/]: Instancing new MixinPlatformAgentMinecraftForge for net.neoforged.fml.loading.mixin.FMLMixinContainerHandle@7c4fc2bf
[296月2026 19:15:51.659] [main/DEBUG] [mixin/]: MixinPlatformAgentMinecraftForge rejected container net.neoforged.fml.loading.mixin.FMLMixinContainerHandle@7c4fc2bf
[296月2026 19:15:51.659] [main/DEBUG] [mixin/]: Instancing new MixinPlatformAgentDefault for net.neoforged.fml.loading.mixin.FMLMixinContainerHandle@7c4fc2bf
[296月2026 19:15:51.659] [main/DEBUG] [mixin/]: MixinPlatformAgentDefault accepted container net.neoforged.fml.loading.mixin.FMLMixinContainerHandle@7c4fc2bf
[296月2026 19:15:51.659] [main/DEBUG] [mixin/]: Instancing new FMLMixinPlatformAgent for net.neoforged.fml.loading.mixin.FMLMixinContainerHandle@7c4fc2bf
[296月2026 19:15:51.659] [main/DEBUG] [mixin/]: FMLMixinPlatformAgent accepted container net.neoforged.fml.loading.mixin.FMLMixinContainerHandle@7c4fc2bf
[296月2026 19:15:51.662] [main/DEBUG] [cpw.mods.modlauncher.TransformationServicesHandler/MODLAUNCHER]: Transformation services loading transformers
[296月2026 19:15:51.663] [main/DEBUG] [cpw.mods.modlauncher.TransformationServiceDecorator/MODLAUNCHER]: Initializing transformers for transformation service mixin
[296月2026 19:15:51.663] [main/DEBUG] [cpw.mods.modlauncher.TransformationServiceDecorator/MODLAUNCHER]: Initialized transformers for transformation service mixin
[296月2026 19:15:51.663] [main/DEBUG] [cpw.mods.modlauncher.TransformationServiceDecorator/MODLAUNCHER]: Initializing transformers for transformation service fml
[296月2026 19:15:51.663] [main/DEBUG] [net.neoforged.fml.loading.FMLServiceProvider/LOADING]: Loading coremod transformers
[296月2026 19:15:51.663] [main/DEBUG] [net.neoforged.fml.loading.FMLServiceProvider/CORE]: Not loading coremod script-engine since no mod requested it
[296月2026 19:15:51.664] [main/DEBUG] [net.neoforged.fml.util.ServiceLoaderUtil/CORE]: Found 1 implementations of ICoreMod:
[296月2026 19:15:51.666] [main/DEBUG] [net.neoforged.fml.util.ServiceLoaderUtil/CORE]: 	net.neoforged.neoforge.coremods.NeoForgeCoreMod from neoforge-21.1.190.jar > net.neoforged.neoforge-coremods-21.1.190.jar
[296月2026 19:15:51.675] [main/DEBUG] [net.neoforged.fml.loading.FMLServiceProvider/CORE]: Adding [Target[className=net.minecraft.world.level.biome.Biome, elementName=, elementDescriptor=, targetType=cpw.mods.modlauncher.api.TargetType@3a6f2de3]] transformer from core-mod net.neoforged.neoforge.coremods.NeoForgeCoreMod@2c6ee758 in neoforge-21.1.190.jar > net.neoforged.neoforge-coremods-21.1.190.jar
[296月2026 19:15:51.675] [main/DEBUG] [net.neoforged.fml.loading.FMLServiceProvider/CORE]: Adding [Target[className=net.minecraft.world.level.levelgen.structure.Structure, elementName=, elementDescriptor=, targetType=cpw.mods.modlauncher.api.TargetType@3a6f2de3]] transformer from core-mod net.neoforged.neoforge.coremods.NeoForgeCoreMod@2c6ee758 in neoforge-21.1.190.jar > net.neoforged.neoforge-coremods-21.1.190.jar
[296月2026 19:15:51.675] [main/DEBUG] [net.neoforged.fml.loading.FMLServiceProvider/CORE]: Adding [Target[className=net.minecraft.world.level.block.FlowerPotBlock, elementName=, elementDescriptor=, targetType=cpw.mods.modlauncher.api.TargetType@3a6f2de3]] transformer from core-mod net.neoforged.neoforge.coremods.NeoForgeCoreMod@2c6ee758 in neoforge-21.1.190.jar > net.neoforged.neoforge-coremods-21.1.190.jar
[296月2026 19:15:51.675] [main/DEBUG] [net.neoforged.fml.loading.FMLServiceProvider/CORE]: Adding [Target[className=net/minecraft/world/entity/monster/Zombie, elementName=, elementDescriptor=, targetType=cpw.mods.modlauncher.api.TargetType@3a6f2de3], Target[className=net/minecraft/world/entity/npc/CatSpawner, elementName=, elementDescriptor=, targetType=cpw.mods.modlauncher.api.TargetType@3a6f2de3], Target[className=net/minecraft/world/level/levelgen/structure/structures/OceanRuinPieces$OceanRuinPiece, elementName=, elementDescriptor=, targetType=cpw.mods.modlauncher.api.TargetType@3a6f2de3], Target[className=net/minecraft/world/entity/monster/Spider, elementName=, elementDescriptor=, targetType=cpw.mods.modlauncher.api.TargetType@3a6f2de3], Target[className=net/minecraft/server/commands/SummonCommand, elementName=, elementDescriptor=, targetType=cpw.mods.modlauncher.api.TargetType@3a6f2de3], Target[className=net/minecraft/world/entity/raid/Raid, elementName=, elementDescriptor=, targetType=cpw.mods.modlauncher.api.TargetType@3a6f2de3], Target[className=net/minecraft/world/level/levelgen/PhantomSpawner, elementName=, elementDescriptor=, targetType=cpw.mods.modlauncher.api.TargetType@3a6f2de3], Target[className=net/minecraft/world/level/levelgen/structure/structures/WoodlandMansionPieces$WoodlandMansionPiece, elementName=, elementDescriptor=, targetType=cpw.mods.modlauncher.api.TargetType@3a6f2de3], Target[className=net/minecraft/world/entity/npc/Villager, elementName=, elementDescriptor=, targetType=cpw.mods.modlauncher.api.TargetType@3a6f2de3], Target[className=net/minecraft/world/level/levelgen/structure/structures/SwampHutPiece, elementName=, elementDescriptor=, targetType=cpw.mods.modlauncher.api.TargetType@3a6f2de3], Target[className=net/minecraft/world/entity/animal/horse/SkeletonTrapGoal, elementName=, elementDescriptor=, targetType=cpw.mods.modlauncher.api.TargetType@3a6f2de3], Target[className=net/minecraft/world/entity/EntityType, elementName=, elementDescriptor=, targetType=cpw.mods.modlauncher.api.TargetType@3a6f2de3], Target[className=net/minecraft/world/entity/monster/Strider, elementName=, elementDescriptor=, targetType=cpw.mods.modlauncher.api.TargetType@3a6f2de3], Target[className=net/minecraft/world/level/levelgen/structure/templatesystem/StructureTemplate, elementName=, elementDescriptor=, targetType=cpw.mods.modlauncher.api.TargetType@3a6f2de3], Target[className=net/minecraft/world/entity/ai/village/VillageSiege, elementName=, elementDescriptor=, targetType=cpw.mods.modlauncher.api.TargetType@3a6f2de3], Target[className=net/minecraft/world/entity/monster/Evoker$EvokerSummonSpellGoal, elementName=, elementDescriptor=, targetType=cpw.mods.modlauncher.api.TargetType@3a6f2de3], Target[className=net/minecraft/world/entity/monster/ZombieVillager, elementName=, elementDescriptor=, targetType=cpw.mods.modlauncher.api.TargetType@3a6f2de3], Target[className=net/minecraft/world/level/levelgen/PatrolSpawner, elementName=, elementDescriptor=, targetType=cpw.mods.modlauncher.api.TargetType@3a6f2de3], Target[className=net/minecraft/server/commands/RaidCommand, elementName=, elementDescriptor=, targetType=cpw.mods.modlauncher.api.TargetType@3a6f2de3], Target[className=net/minecraft/world/level/NaturalSpawner, elementName=, elementDescriptor=, targetType=cpw.mods.modlauncher.api.TargetType@3a6f2de3], Target[className=net/minecraft/world/entity/animal/frog/Tadpole, elementName=, elementDescriptor=, targetType=cpw.mods.modlauncher.api.TargetType@3a6f2de3], Target[className=net/minecraft/world/level/levelgen/structure/structures/OceanMonumentPieces$OceanMonumentPiece, elementName=, elementDescriptor=, targetType=cpw.mods.modlauncher.api.TargetType@3a6f2de3]] transformer from core-mod net.neoforged.neoforge.coremods.NeoForgeCoreMod@2c6ee758 in neoforge-21.1.190.jar > net.neoforged.neoforge-coremods-21.1.190.jar
[296月2026 19:15:51.681] [main/DEBUG] [cpw.mods.modlauncher.TransformStore/MODLAUNCHER]: Adding transformer net.neoforged.neoforge.coremods.ReplaceFieldWithGetterAccess@46d9aec8 to Target : cpw.mods.modlauncher.api.TargetType@3a6f2de3 {Lnet/minecraft/world/level/biome/Biome;} {} {V}
[296月2026 19:15:51.683] [main/DEBUG] [cpw.mods.modlauncher.TransformStore/MODLAUNCHER]: Adding transformer net.neoforged.neoforge.coremods.ReplaceFieldWithGetterAccess@bc4d5e1 to Target : cpw.mods.modlauncher.api.TargetType@3a6f2de3 {Lnet/minecraft/world/level/levelgen/structure/Structure;} {} {V}
[296月2026 19:15:51.683] [main/DEBUG] [cpw.mods.modlauncher.TransformStore/MODLAUNCHER]: Adding transformer net.neoforged.neoforge.coremods.ReplaceFieldWithGetterAccess@3c6aa04a to Target : cpw.mods.modlauncher.api.TargetType@3a6f2de3 {Lnet/minecraft/world/level/block/FlowerPotBlock;} {} {V}
[296月2026 19:15:51.683] [main/DEBUG] [cpw.mods.modlauncher.TransformStore/MODLAUNCHER]: Adding transformer net.neoforged.neoforge.coremods.MethodRedirector@2257fadf to Target : cpw.mods.modlauncher.api.TargetType@3a6f2de3 {Lnet/minecraft/world/entity/monster/Zombie;} {} {V}
[296月2026 19:15:51.684] [main/DEBUG] [cpw.mods.modlauncher.TransformStore/MODLAUNCHER]: Adding transformer net.neoforged.neoforge.coremods.MethodRedirector@2257fadf to Target : cpw.mods.modlauncher.api.TargetType@3a6f2de3 {Lnet/minecraft/world/entity/npc/CatSpawner;} {} {V}
[296月2026 19:15:51.684] [main/DEBUG] [cpw.mods.modlauncher.TransformStore/MODLAUNCHER]: Adding transformer net.neoforged.neoforge.coremods.MethodRedirector@2257fadf to Target : cpw.mods.modlauncher.api.TargetType@3a6f2de3 {Lnet/minecraft/world/level/levelgen/structure/structures/OceanRuinPieces$OceanRuinPiece;} {} {V}
[296月2026 19:15:51.684] [main/DEBUG] [cpw.mods.modlauncher.TransformStore/MODLAUNCHER]: Adding transformer net.neoforged.neoforge.coremods.MethodRedirector@2257fadf to Target : cpw.mods.modlauncher.api.TargetType@3a6f2de3 {Lnet/minecraft/world/entity/monster/Spider;} {} {V}
[296月2026 19:15:51.684] [main/DEBUG] [cpw.mods.modlauncher.TransformStore/MODLAUNCHER]: Adding transformer net.neoforged.neoforge.coremods.MethodRedirector@2257fadf to Target : cpw.mods.modlauncher.api.TargetType@3a6f2de3 {Lnet/minecraft/server/commands/SummonCommand;} {} {V}
[296月2026 19:15:51.684] [main/DEBUG] [cpw.mods.modlauncher.TransformStore/MODLAUNCHER]: Adding transformer net.neoforged.neoforge.coremods.MethodRedirector@2257fadf to Target : cpw.mods.modlauncher.api.TargetType@3a6f2de3 {Lnet/minecraft/world/entity/raid/Raid;} {} {V}
[296月2026 19:15:51.684] [main/DEBUG] [cpw.mods.modlauncher.TransformStore/MODLAUNCHER]: Adding transformer net.neoforged.neoforge.coremods.MethodRedirector@2257fadf to Target : cpw.mods.modlauncher.api.TargetType@3a6f2de3 {Lnet/minecraft/world/level/levelgen/PhantomSpawner;} {} {V}
[296月2026 19:15:51.684] [main/DEBUG] [cpw.mods.modlauncher.TransformStore/MODLAUNCHER]: Adding transformer net.neoforged.neoforge.coremods.MethodRedirector@2257fadf to Target : cpw.mods.modlauncher.api.TargetType@3a6f2de3 {Lnet/minecraft/world/level/levelgen/structure/structures/WoodlandMansionPieces$WoodlandMansionPiece;} {} {V}
[296月2026 19:15:51.684] [main/DEBUG] [cpw.mods.modlauncher.TransformStore/MODLAUNCHER]: Adding transformer net.neoforged.neoforge.coremods.MethodRedirector@2257fadf to Target : cpw.mods.modlauncher.api.TargetType@3a6f2de3 {Lnet/minecraft/world/entity/npc/Villager;} {} {V}
[296月2026 19:15:51.684] [main/DEBUG] [cpw.mods.modlauncher.TransformStore/MODLAUNCHER]: Adding transformer net.neoforged.neoforge.coremods.MethodRedirector@2257fadf to Target : cpw.mods.modlauncher.api.TargetType@3a6f2de3 {Lnet/minecraft/world/level/levelgen/structure/structures/SwampHutPiece;} {} {V}
[296月2026 19:15:51.684] [main/DEBUG] [cpw.mods.modlauncher.TransformStore/MODLAUNCHER]: Adding transformer net.neoforged.neoforge.coremods.MethodRedirector@2257fadf to Target : cpw.mods.modlauncher.api.TargetType@3a6f2de3 {Lnet/minecraft/world/entity/animal/horse/SkeletonTrapGoal;} {} {V}
[296月2026 19:15:51.684] [main/DEBUG] [cpw.mods.modlauncher.TransformStore/MODLAUNCHER]: Adding transformer net.neoforged.neoforge.coremods.MethodRedirector@2257fadf to Target : cpw.mods.modlauncher.api.TargetType@3a6f2de3 {Lnet/minecraft/world/entity/EntityType;} {} {V}
[296月2026 19:15:51.684] [main/DEBUG] [cpw.mods.modlauncher.TransformStore/MODLAUNCHER]: Adding transformer net.neoforged.neoforge.coremods.MethodRedirector@2257fadf to Target : cpw.mods.modlauncher.api.TargetType@3a6f2de3 {Lnet/minecraft/world/entity/monster/Strider;} {} {V}
[296月2026 19:15:51.685] [main/DEBUG] [cpw.mods.modlauncher.TransformStore/MODLAUNCHER]: Adding transformer net.neoforged.neoforge.coremods.MethodRedirector@2257fadf to Target : cpw.mods.modlauncher.api.TargetType@3a6f2de3 {Lnet/minecraft/world/level/levelgen/structure/templatesystem/StructureTemplate;} {} {V}
[296月2026 19:15:51.685] [main/DEBUG] [cpw.mods.modlauncher.TransformStore/MODLAUNCHER]: Adding transformer net.neoforged.neoforge.coremods.MethodRedirector@2257fadf to Target : cpw.mods.modlauncher.api.TargetType@3a6f2de3 {Lnet/minecraft/world/entity/ai/village/VillageSiege;} {} {V}
[296月2026 19:15:51.685] [main/DEBUG] [cpw.mods.modlauncher.TransformStore/MODLAUNCHER]: Adding transformer net.neoforged.neoforge.coremods.MethodRedirector@2257fadf to Target : cpw.mods.modlauncher.api.TargetType@3a6f2de3 {Lnet/minecraft/world/entity/monster/Evoker$EvokerSummonSpellGoal;} {} {V}
[296月2026 19:15:51.685] [main/DEBUG] [cpw.mods.modlauncher.TransformStore/MODLAUNCHER]: Adding transformer net.neoforged.neoforge.coremods.MethodRedirector@2257fadf to Target : cpw.mods.modlauncher.api.TargetType@3a6f2de3 {Lnet/minecraft/world/entity/monster/ZombieVillager;} {} {V}
[296月2026 19:15:51.685] [main/DEBUG] [cpw.mods.modlauncher.TransformStore/MODLAUNCHER]: Adding transformer net.neoforged.neoforge.coremods.MethodRedirector@2257fadf to Target : cpw.mods.modlauncher.api.TargetType@3a6f2de3 {Lnet/minecraft/world/level/levelgen/PatrolSpawner;} {} {V}
[296月2026 19:15:51.685] [main/DEBUG] [cpw.mods.modlauncher.TransformStore/MODLAUNCHER]: Adding transformer net.neoforged.neoforge.coremods.MethodRedirector@2257fadf to Target : cpw.mods.modlauncher.api.TargetType@3a6f2de3 {Lnet/minecraft/server/commands/RaidCommand;} {} {V}
[296月2026 19:15:51.685] [main/DEBUG] [cpw.mods.modlauncher.TransformStore/MODLAUNCHER]: Adding transformer net.neoforged.neoforge.coremods.MethodRedirector@2257fadf to Target : cpw.mods.modlauncher.api.TargetType@3a6f2de3 {Lnet/minecraft/world/level/NaturalSpawner;} {} {V}
[296月2026 19:15:51.685] [main/DEBUG] [cpw.mods.modlauncher.TransformStore/MODLAUNCHER]: Adding transformer net.neoforged.neoforge.coremods.MethodRedirector@2257fadf to Target : cpw.mods.modlauncher.api.TargetType@3a6f2de3 {Lnet/minecraft/world/entity/animal/frog/Tadpole;} {} {V}
[296月2026 19:15:51.685] [main/DEBUG] [cpw.mods.modlauncher.TransformStore/MODLAUNCHER]: Adding transformer net.neoforged.neoforge.coremods.MethodRedirector@2257fadf to Target : cpw.mods.modlauncher.api.TargetType@3a6f2de3 {Lnet/minecraft/world/level/levelgen/structure/structures/OceanMonumentPieces$OceanMonumentPiece;} {} {V}
[296月2026 19:15:51.685] [main/DEBUG] [cpw.mods.modlauncher.TransformationServiceDecorator/MODLAUNCHER]: Initialized transformers for transformation service fml
[296月2026 19:15:52.149] [main/DEBUG] [mixin/]: Processing prepare() for PlatformAgent[MixinPlatformAgentDefault:ModLauncher Root Container(ModLauncher:4f56a0a2)]
[296月2026 19:15:52.149] [main/DEBUG] [mixin/]: Processing prepare() for PlatformAgent[MixinPlatformAgentDefault:net.neoforged.fml.loading.mixin.FMLMixinContainerHandle@7c4fc2bf]
[296月2026 19:15:52.149] [main/DEBUG] [mixin/]: Processing prepare() for PlatformAgent[FMLMixinPlatformAgent:null]
[296月2026 19:15:52.170] [main/DEBUG] [mixin/]: Compatibility level JAVA_21 specified by imblocker-neoforge.mixins.json is higher than the maximum level supported by this version of mixin (JAVA_13).
[296月2026 19:15:52.174] [main/INFO] [mixin/]: Compatibility level set to JAVA_21
[296月2026 19:15:52.176] [main/DEBUG] [mixin/]: Processing launch tasks for PlatformAgent[MixinPlatformAgentDefault:ModLauncher Root Container(ModLauncher:4f56a0a2)]
[296月2026 19:15:52.176] [main/DEBUG] [mixin/]: Adding mixin platform agents for container SecureJarResource(mixin_synthetic)
[296月2026 19:15:52.176] [main/DEBUG] [mixin/]: Instancing new MixinPlatformAgentMinecraftForge for SecureJarResource(mixin_synthetic)
[296月2026 19:15:52.176] [main/DEBUG] [mixin/]: MixinPlatformAgentMinecraftForge rejected container SecureJarResource(mixin_synthetic)
[296月2026 19:15:52.176] [main/DEBUG] [mixin/]: Instancing new MixinPlatformAgentDefault for SecureJarResource(mixin_synthetic)
[296月2026 19:15:52.176] [main/DEBUG] [mixin/]: MixinPlatformAgentDefault accepted container SecureJarResource(mixin_synthetic)
[296月2026 19:15:52.176] [main/DEBUG] [mixin/]: Instancing new FMLMixinPlatformAgent for SecureJarResource(mixin_synthetic)
[296月2026 19:15:52.176] [main/DEBUG] [mixin/]: FMLMixinPlatformAgent rejected container SecureJarResource(mixin_synthetic)
[296月2026 19:15:52.176] [main/DEBUG] [mixin/]: Processing prepare() for PlatformAgent[MixinPlatformAgentDefault:SecureJarResource(mixin_synthetic)]
[296月2026 19:15:52.176] [main/DEBUG] [mixin/]: Adding mixin platform agents for container SecureJarResource(minecraft)
[296月2026 19:15:52.176] [main/DEBUG] [mixin/]: Instancing new MixinPlatformAgentMinecraftForge for SecureJarResource(minecraft)
[296月2026 19:15:52.176] [main/DEBUG] [mixin/]: MixinPlatformAgentMinecraftForge rejected container SecureJarResource(minecraft)
[296月2026 19:15:52.176] [main/DEBUG] [mixin/]: Instancing new MixinPlatformAgentDefault for SecureJarResource(minecraft)
[296月2026 19:15:52.176] [main/DEBUG] [mixin/]: MixinPlatformAgentDefault accepted container SecureJarResource(minecraft)
[296月2026 19:15:52.177] [main/DEBUG] [mixin/]: Instancing new FMLMixinPlatformAgent for SecureJarResource(minecraft)
[296月2026 19:15:52.177] [main/DEBUG] [mixin/]: FMLMixinPlatformAgent rejected container SecureJarResource(minecraft)
[296月2026 19:15:52.177] [main/DEBUG] [mixin/]: Processing prepare() for PlatformAgent[MixinPlatformAgentDefault:SecureJarResource(minecraft)]
[296月2026 19:15:52.177] [main/DEBUG] [mixin/]: Adding mixin platform agents for container SecureJarResource(imblocker)
[296月2026 19:15:52.177] [main/DEBUG] [mixin/]: Instancing new MixinPlatformAgentMinecraftForge for SecureJarResource(imblocker)
[296月2026 19:15:52.177] [main/DEBUG] [mixin/]: MixinPlatformAgentMinecraftForge rejected container SecureJarResource(imblocker)
[296月2026 19:15:52.177] [main/DEBUG] [mixin/]: Instancing new MixinPlatformAgentDefault for SecureJarResource(imblocker)
[296月2026 19:15:52.177] [main/DEBUG] [mixin/]: MixinPlatformAgentDefault accepted container SecureJarResource(imblocker)
[296月2026 19:15:52.177] [main/DEBUG] [mixin/]: Instancing new FMLMixinPlatformAgent for SecureJarResource(imblocker)
[296月2026 19:15:52.177] [main/DEBUG] [mixin/]: FMLMixinPlatformAgent rejected container SecureJarResource(imblocker)
[296月2026 19:15:52.177] [main/DEBUG] [mixin/]: Processing prepare() for PlatformAgent[MixinPlatformAgentDefault:SecureJarResource(imblocker)]
[296月2026 19:15:52.177] [main/DEBUG] [mixin/]: Adding mixin platform agents for container SecureJarResource(spearcore)
[296月2026 19:15:52.177] [main/DEBUG] [mixin/]: Instancing new MixinPlatformAgentMinecraftForge for SecureJarResource(spearcore)
[296月2026 19:15:52.177] [main/DEBUG] [mixin/]: MixinPlatformAgentMinecraftForge rejected container SecureJarResource(spearcore)
[296月2026 19:15:52.177] [main/DEBUG] [mixin/]: Instancing new MixinPlatformAgentDefault for SecureJarResource(spearcore)
[296月2026 19:15:52.177] [main/DEBUG] [mixin/]: MixinPlatformAgentDefault accepted container SecureJarResource(spearcore)
[296月2026 19:15:52.177] [main/DEBUG] [mixin/]: Instancing new FMLMixinPlatformAgent for SecureJarResource(spearcore)
[296月2026 19:15:52.177] [main/DEBUG] [mixin/]: FMLMixinPlatformAgent rejected container SecureJarResource(spearcore)
[296月2026 19:15:52.177] [main/DEBUG] [mixin/]: Processing prepare() for PlatformAgent[MixinPlatformAgentDefault:SecureJarResource(spearcore)]
[296月2026 19:15:52.177] [main/DEBUG] [mixin/]: Adding mixin platform agents for container SecureJarResource(jei)
[296月2026 19:15:52.177] [main/DEBUG] [mixin/]: Instancing new MixinPlatformAgentMinecraftForge for SecureJarResource(jei)
[296月2026 19:15:52.177] [main/DEBUG] [mixin/]: MixinPlatformAgentMinecraftForge rejected container SecureJarResource(jei)
[296月2026 19:15:52.177] [main/DEBUG] [mixin/]: Instancing new MixinPlatformAgentDefault for SecureJarResource(jei)
[296月2026 19:15:52.177] [main/DEBUG] [mixin/]: MixinPlatformAgentDefault accepted container SecureJarResource(jei)
[296月2026 19:15:52.178] [main/DEBUG] [mixin/]: Instancing new FMLMixinPlatformAgent for SecureJarResource(jei)
[296月2026 19:15:52.178] [main/DEBUG] [mixin/]: FMLMixinPlatformAgent rejected container SecureJarResource(jei)
[296月2026 19:15:52.178] [main/DEBUG] [mixin/]: Processing prepare() for PlatformAgent[MixinPlatformAgentDefault:SecureJarResource(jei)]
[296月2026 19:15:52.178] [main/DEBUG] [mixin/]: Adding mixin platform agents for container SecureJarResource(mixinextras.neoforge)
[296月2026 19:15:52.178] [main/DEBUG] [mixin/]: Instancing new MixinPlatformAgentMinecraftForge for SecureJarResource(mixinextras.neoforge)
[296月2026 19:15:52.178] [main/DEBUG] [mixin/]: MixinPlatformAgentMinecraftForge rejected container SecureJarResource(mixinextras.neoforge)
[296月2026 19:15:52.178] [main/DEBUG] [mixin/]: Instancing new MixinPlatformAgentDefault for SecureJarResource(mixinextras.neoforge)
[296月2026 19:15:52.178] [main/DEBUG] [mixin/]: MixinPlatformAgentDefault accepted container SecureJarResource(mixinextras.neoforge)
[296月2026 19:15:52.178] [main/DEBUG] [mixin/]: Instancing new FMLMixinPlatformAgent for SecureJarResource(mixinextras.neoforge)
[296月2026 19:15:52.178] [main/DEBUG] [mixin/]: FMLMixinPlatformAgent rejected container SecureJarResource(mixinextras.neoforge)
[296月2026 19:15:52.178] [main/DEBUG] [mixin/]: Processing prepare() for PlatformAgent[MixinPlatformAgentDefault:SecureJarResource(mixinextras.neoforge)]
[296月2026 19:15:52.178] [main/DEBUG] [mixin/]: Registering mixin config: mixinextras.init.mixins.json source=SecureJarResource(mixinextras.neoforge)
[296月2026 19:15:52.178] [main/DEBUG] [mixin/]: inject() running with 8 agents
[296月2026 19:15:52.179] [main/DEBUG] [mixin/]: Processing inject() for PlatformAgent[MixinPlatformAgentDefault:ModLauncher Root Container(ModLauncher:4f56a0a2)]
[296月2026 19:15:52.179] [main/DEBUG] [mixin/]: Processing inject() for PlatformAgent[MixinPlatformAgentDefault:net.neoforged.fml.loading.mixin.FMLMixinContainerHandle@7c4fc2bf]
[296月2026 19:15:52.179] [main/DEBUG] [mixin/]: Processing inject() for PlatformAgent[FMLMixinPlatformAgent:null]
[296月2026 19:15:52.179] [main/DEBUG] [mixin/]: Processing inject() for PlatformAgent[MixinPlatformAgentDefault:SecureJarResource(mixin_synthetic)]
[296月2026 19:15:52.179] [main/DEBUG] [mixin/]: Processing inject() for PlatformAgent[MixinPlatformAgentDefault:SecureJarResource(minecraft)]
[296月2026 19:15:52.179] [main/DEBUG] [mixin/]: Processing inject() for PlatformAgent[MixinPlatformAgentDefault:SecureJarResource(imblocker)]
[296月2026 19:15:52.179] [main/DEBUG] [mixin/]: Processing inject() for PlatformAgent[MixinPlatformAgentDefault:SecureJarResource(spearcore)]
[296月2026 19:15:52.179] [main/DEBUG] [mixin/]: Processing inject() for PlatformAgent[MixinPlatformAgentDefault:SecureJarResource(jei)]
[296月2026 19:15:52.179] [main/DEBUG] [mixin/]: Processing inject() for PlatformAgent[MixinPlatformAgentDefault:SecureJarResource(mixinextras.neoforge)]
[296月2026 19:15:52.179] [main/INFO] [cpw.mods.modlauncher.LaunchServiceHandler/MODLAUNCHER]: Launching target 'forgeclientdev' with arguments [--version, 21.1.190, --gameDir, ., --assetsDir, C:\Users\12501\.mcreator\gradle\caches\neoformruntime\assets, --assetIndex, 17]
[296月2026 19:15:52.208] [main/DEBUG] [mixin/]: Preparing mixins for MixinEnvironment[DEFAULT]
[296月2026 19:15:52.208] [main/DEBUG] [mixin/]: Selecting config imblocker-neoforge.mixins.json
[296月2026 19:15:52.220] [main/DEBUG] [mixin/]: Selecting config neoforge.mixins.json
[296月2026 19:15:52.220] [main/DEBUG] [mixin/]: Selecting config spearcore.mixins.json
[296月2026 19:15:52.221] [main/DEBUG] [mixin/]: Selecting config mixinextras.init.mixins.json
[296月2026 19:15:52.234] [main/DEBUG] [MixinExtras|Service/]: com.llamalad7.mixinextras.service.MixinExtrasServiceImpl(version=0.4.1) is taking over from null
[296月2026 19:15:52.248] [main/DEBUG] [mixin/]: Registering new injector for @Inject with org.spongepowered.asm.mixin.injection.struct.CallbackInjectionInfo
[296月2026 19:15:52.248] [main/DEBUG] [mixin/]: Registering new injector for @ModifyArg with org.spongepowered.asm.mixin.injection.struct.ModifyArgInjectionInfo
[296月2026 19:15:52.248] [main/DEBUG] [mixin/]: Registering new injector for @ModifyArgs with org.spongepowered.asm.mixin.injection.struct.ModifyArgsInjectionInfo
[296月2026 19:15:52.249] [main/DEBUG] [mixin/]: Registering new injector for @Redirect with org.spongepowered.asm.mixin.injection.struct.RedirectInjectionInfo
[296月2026 19:15:52.249] [main/DEBUG] [mixin/]: Registering new injector for @ModifyVariable with org.spongepowered.asm.mixin.injection.struct.ModifyVariableInjectionInfo
[296月2026 19:15:52.250] [main/DEBUG] [mixin/]: Registering new injector for @ModifyConstant with org.spongepowered.asm.mixin.injection.struct.ModifyConstantInjectionInfo
[296月2026 19:15:52.257] [main/DEBUG] [mixin/]: Preparing imblocker-neoforge.mixins.json (0)
[296月2026 19:15:52.257] [main/DEBUG] [mixin/]: Preparing neoforge.mixins.json (2)
[296月2026 19:15:52.282] [main/DEBUG] [mixin/]: Preparing spearcore.mixins.json (9)
[296月2026 19:15:52.317] [main/DEBUG] [mixin/]: Preparing mixinextras.init.mixins.json (0)
[296月2026 19:15:52.336] [main/DEBUG] [mixin/]: @Mixin target net.minecraft.client.gui.components.AbstractScrollWidget is public in imblocker-neoforge.mixins.json:AbstractScrollWidgetMixin from mod imblocker and should be specified in value
[296月2026 19:15:52.336] [main/WARN] [mixin/]: Error loading class: net/minecraft/client/gui/components/AbstractScrollArea (java.lang.ClassNotFoundException: net.minecraft.client.gui.components.AbstractScrollArea)
[296月2026 19:15:52.336] [main/WARN] [mixin/]: @Mixin target net.minecraft.client.gui.components.AbstractScrollArea was not found imblocker-neoforge.mixins.json:AbstractScrollWidgetMixin from mod imblocker
[296月2026 19:15:52.348] [main/WARN] [mixin/]: Error loading class: net/minecraft/client/gui/components/AbstractScrollArea (java.lang.ClassNotFoundException: net.minecraft.client.gui.components.AbstractScrollArea)
[296月2026 19:15:52.348] [main/WARN] [mixin/]: Error loading class: net/minecraft/client/gui/components/AbstractScrollArea (java.lang.ClassNotFoundException: net.minecraft.client.gui.components.AbstractScrollArea)
[296月2026 19:15:52.382] [main/INFO] [MixinExtras|Service/]: Initializing MixinExtras via com.llamalad7.mixinextras.service.MixinExtrasServiceImpl(version=0.4.1).
[296月2026 19:15:52.383] [main/DEBUG] [mixin/]: Registering new injector for @SugarWrapper with com.llamalad7.mixinextras.sugar.impl.SugarWrapperInjectionInfo
[296月2026 19:15:52.384] [main/DEBUG] [mixin/]: Registering new injector for @FactoryRedirectWrapper with com.llamalad7.mixinextras.wrapper.factory.FactoryRedirectWrapperInjectionInfo
[296月2026 19:15:52.388] [main/DEBUG] [mixin/]: Mixing MinecraftClientMixin from imblocker-neoforge.mixins.json into net.minecraft.client.Minecraft
[296月2026 19:15:52.471] [main/DEBUG] [mixin/]: imblocker-neoforge.mixins.json:MinecraftClientMixin from mod imblocker->@Inject::onWindowFocusChanged(ZLorg/spongepowered/asm/mixin/injection/callback/CallbackInfo;)V doesn't use it's CallbackInfo
[296月2026 19:15:52.471] [main/DEBUG] [mixin/]: imblocker-neoforge.mixins.json:MinecraftClientMixin from mod imblocker->@Inject::onWindowFocusChanged(ZLorg/spongepowered/asm/mixin/injection/callback/CallbackInfo;)V has 0 override(s) in child classes
[296月2026 19:15:52.471] [main/DEBUG] [mixin/]: imblocker-neoforge.mixins.json:MinecraftClientMixin from mod imblocker->@Inject::onWindowFocusChanged(ZLorg/spongepowered/asm/mixin/injection/callback/CallbackInfo;)V won't be passed a CallbackInfo as a result
[296月2026 19:15:52.471] [main/DEBUG] [mixin/]: imblocker-neoforge.mixins.json:MinecraftClientMixin from mod imblocker->@Inject::onScreenChanged(Lnet/minecraft/client/gui/screens/Screen;Lorg/spongepowered/asm/mixin/injection/callback/CallbackInfo;)V doesn't use it's CallbackInfo
[296月2026 19:15:52.471] [main/DEBUG] [mixin/]: imblocker-neoforge.mixins.json:MinecraftClientMixin from mod imblocker->@Inject::onScreenChanged(Lnet/minecraft/client/gui/screens/Screen;Lorg/spongepowered/asm/mixin/injection/callback/CallbackInfo;)V has 0 override(s) in child classes
[296月2026 19:15:52.471] [main/DEBUG] [mixin/]: imblocker-neoforge.mixins.json:MinecraftClientMixin from mod imblocker->@Inject::onScreenChanged(Lnet/minecraft/client/gui/screens/Screen;Lorg/spongepowered/asm/mixin/injection/callback/CallbackInfo;)V won't be passed a CallbackInfo as a result
[296月2026 19:15:52.471] [main/DEBUG] [mixin/]: imblocker-neoforge.mixins.json:MinecraftClientMixin from mod imblocker->@Inject::runPreRenderTasks(ZLorg/spongepowered/asm/mixin/injection/callback/CallbackInfo;)V doesn't use it's CallbackInfo
[296月2026 19:15:52.471] [main/DEBUG] [mixin/]: imblocker-neoforge.mixins.json:MinecraftClientMixin from mod imblocker->@Inject::runPreRenderTasks(ZLorg/spongepowered/asm/mixin/injection/callback/CallbackInfo;)V has 0 override(s) in child classes
[296月2026 19:15:52.471] [main/DEBUG] [mixin/]: imblocker-neoforge.mixins.json:MinecraftClientMixin from mod imblocker->@Inject::runPreRenderTasks(ZLorg/spongepowered/asm/mixin/injection/callback/CallbackInfo;)V won't be passed a CallbackInfo as a result
[296月2026 19:15:52.471] [main/DEBUG] [mixin/]: imblocker-neoforge.mixins.json:MinecraftClientMixin from mod imblocker->@Inject::recordGameRenderStartTime(ZLorg/spongepowered/asm/mixin/injection/callback/CallbackInfo;)V doesn't use it's CallbackInfo
[296月2026 19:15:52.471] [main/DEBUG] [mixin/]: imblocker-neoforge.mixins.json:MinecraftClientMixin from mod imblocker->@Inject::recordGameRenderStartTime(ZLorg/spongepowered/asm/mixin/injection/callback/CallbackInfo;)V has 0 override(s) in child classes
[296月2026 19:15:52.471] [main/DEBUG] [mixin/]: imblocker-neoforge.mixins.json:MinecraftClientMixin from mod imblocker->@Inject::recordGameRenderStartTime(ZLorg/spongepowered/asm/mixin/injection/callback/CallbackInfo;)V won't be passed a CallbackInfo as a result
[296月2026 19:15:52.471] [main/DEBUG] [mixin/]: imblocker-neoforge.mixins.json:MinecraftClientMixin from mod imblocker->@Inject::captureGameRenderEnd(ZLorg/spongepowered/asm/mixin/injection/callback/CallbackInfo;)V doesn't use it's CallbackInfo
[296月2026 19:15:52.471] [main/DEBUG] [mixin/]: imblocker-neoforge.mixins.json:MinecraftClientMixin from mod imblocker->@Inject::captureGameRenderEnd(ZLorg/spongepowered/asm/mixin/injection/callback/CallbackInfo;)V has 0 override(s) in child classes
[296月2026 19:15:52.471] [main/DEBUG] [mixin/]: imblocker-neoforge.mixins.json:MinecraftClientMixin from mod imblocker->@Inject::captureGameRenderEnd(ZLorg/spongepowered/asm/mixin/injection/callback/CallbackInfo;)V won't be passed a CallbackInfo as a result
[296月2026 19:15:52.471] [main/DEBUG] [mixin/]: imblocker-neoforge.mixins.json:MinecraftClientMixin from mod imblocker->@Inject::captureGameRenderEnd(ZLorg/spongepowered/asm/mixin/injection/callback/CallbackInfo;)V doesn't use it's CallbackInfo
[296月2026 19:15:52.471] [main/DEBUG] [mixin/]: imblocker-neoforge.mixins.json:MinecraftClientMixin from mod imblocker->@Inject::captureGameRenderEnd(ZLorg/spongepowered/asm/mixin/injection/callback/CallbackInfo;)V has 0 override(s) in child classes
[296月2026 19:15:52.472] [main/DEBUG] [mixin/]: imblocker-neoforge.mixins.json:MinecraftClientMixin from mod imblocker->@Inject::captureGameRenderEnd(ZLorg/spongepowered/asm/mixin/injection/callback/CallbackInfo;)V won't be passed a CallbackInfo as a result
[296月2026 19:15:52.472] [main/DEBUG] [mixin/]: imblocker-neoforge.mixins.json:MinecraftClientMixin from mod imblocker->@Inject::captureGameRenderEnd(ZLorg/spongepowered/asm/mixin/injection/callback/CallbackInfo;)V doesn't use it's CallbackInfo
[296月2026 19:15:52.472] [main/DEBUG] [mixin/]: imblocker-neoforge.mixins.json:MinecraftClientMixin from mod imblocker->@Inject::captureGameRenderEnd(ZLorg/spongepowered/asm/mixin/injection/callback/CallbackInfo;)V has 0 override(s) in child classes
[296月2026 19:15:52.472] [main/DEBUG] [mixin/]: imblocker-neoforge.mixins.json:MinecraftClientMixin from mod imblocker->@Inject::captureGameRenderEnd(ZLorg/spongepowered/asm/mixin/injection/callback/CallbackInfo;)V won't be passed a CallbackInfo as a result
[296月2026 19:15:52.472] [main/DEBUG] [mixin/]: imblocker-neoforge.mixins.json:MinecraftClientMixin from mod imblocker->@Inject::captureGameRenderEnd(ZLorg/spongepowered/asm/mixin/injection/callback/CallbackInfo;)V doesn't use it's CallbackInfo
[296月2026 19:15:52.472] [main/DEBUG] [mixin/]: imblocker-neoforge.mixins.json:MinecraftClientMixin from mod imblocker->@Inject::captureGameRenderEnd(ZLorg/spongepowered/asm/mixin/injection/callback/CallbackInfo;)V has 0 override(s) in child classes
[296月2026 19:15:52.472] [main/DEBUG] [mixin/]: imblocker-neoforge.mixins.json:MinecraftClientMixin from mod imblocker->@Inject::captureGameRenderEnd(ZLorg/spongepowered/asm/mixin/injection/callback/CallbackInfo;)V won't be passed a CallbackInfo as a result
[296月2026 19:15:52.472] [main/DEBUG] [mixin/]: imblocker-neoforge.mixins.json:MinecraftClientMixin from mod imblocker->@Inject::captureGameRenderEnd(ZLorg/spongepowered/asm/mixin/injection/callback/CallbackInfo;)V doesn't use it's CallbackInfo
[296月2026 19:15:52.472] [main/DEBUG] [mixin/]: imblocker-neoforge.mixins.json:MinecraftClientMixin from mod imblocker->@Inject::captureGameRenderEnd(ZLorg/spongepowered/asm/mixin/injection/callback/CallbackInfo;)V has 0 override(s) in child classes
[296月2026 19:15:52.472] [main/DEBUG] [mixin/]: imblocker-neoforge.mixins.json:MinecraftClientMixin from mod imblocker->@Inject::captureGameRenderEnd(ZLorg/spongepowered/asm/mixin/injection/callback/CallbackInfo;)V won't be passed a CallbackInfo as a result
[296月2026 19:15:52.472] [main/DEBUG] [mixin/]: imblocker-neoforge.mixins.json:MinecraftClientMixin from mod imblocker->@Inject::captureGameRenderEnd(ZLorg/spongepowered/asm/mixin/injection/callback/CallbackInfo;)V doesn't use it's CallbackInfo
[296月2026 19:15:52.472] [main/DEBUG] [mixin/]: imblocker-neoforge.mixins.json:MinecraftClientMixin from mod imblocker->@Inject::captureGameRenderEnd(ZLorg/spongepowered/asm/mixin/injection/callback/CallbackInfo;)V has 0 override(s) in child classes
[296月2026 19:15:52.472] [main/DEBUG] [mixin/]: imblocker-neoforge.mixins.json:MinecraftClientMixin from mod imblocker->@Inject::captureGameRenderEnd(ZLorg/spongepowered/asm/mixin/injection/callback/CallbackInfo;)V won't be passed a CallbackInfo as a result
[296月2026 19:15:52.472] [main/DEBUG] [mixin/]: imblocker-neoforge.mixins.json:MinecraftClientMixin from mod imblocker->@Inject::captureGameRenderEnd(ZLorg/spongepowered/asm/mixin/injection/callback/CallbackInfo;)V doesn't use it's CallbackInfo
[296月2026 19:15:52.472] [main/DEBUG] [mixin/]: imblocker-neoforge.mixins.json:MinecraftClientMixin from mod imblocker->@Inject::captureGameRenderEnd(ZLorg/spongepowered/asm/mixin/injection/callback/CallbackInfo;)V has 0 override(s) in child classes
[296月2026 19:15:52.472] [main/DEBUG] [mixin/]: imblocker-neoforge.mixins.json:MinecraftClientMixin from mod imblocker->@Inject::captureGameRenderEnd(ZLorg/spongepowered/asm/mixin/injection/callback/CallbackInfo;)V won't be passed a CallbackInfo as a result
[296月2026 19:15:52.472] [main/DEBUG] [mixin/]: imblocker-neoforge.mixins.json:MinecraftClientMixin from mod imblocker->@Inject::captureGameRenderEnd(ZLorg/spongepowered/asm/mixin/injection/callback/CallbackInfo;)V doesn't use it's CallbackInfo
[296月2026 19:15:52.472] [main/DEBUG] [mixin/]: imblocker-neoforge.mixins.json:MinecraftClientMixin from mod imblocker->@Inject::captureGameRenderEnd(ZLorg/spongepowered/asm/mixin/injection/callback/CallbackInfo;)V has 0 override(s) in child classes
[296月2026 19:15:52.472] [main/DEBUG] [mixin/]: imblocker-neoforge.mixins.json:MinecraftClientMixin from mod imblocker->@Inject::captureGameRenderEnd(ZLorg/spongepowered/asm/mixin/injection/callback/CallbackInfo;)V won't be passed a CallbackInfo as a result
[296月2026 19:15:52.665] [main/DEBUG] [io.netty.util.internal.logging.InternalLoggerFactory/]: Using SLF4J as the default logging framework
[296月2026 19:15:52.668] [main/DEBUG] [io.netty.util.ResourceLeakDetector/]: -Dio.netty.leakDetection.level: simple
[296月2026 19:15:52.668] [main/DEBUG] [io.netty.util.ResourceLeakDetector/]: -Dio.netty.leakDetection.targetRecords: 4
[296月2026 19:15:53.120] [main/DEBUG] [oshi.util.FileUtil/]: No oshi.properties file found from ClassLoader cpw.mods.modlauncher.TransformingClassLoader@45d6ef73
[296月2026 19:15:53.247] [Datafixer Bootstrap/INFO] [com.mojang.datafixers.DataFixerBuilder/]: 229 Datafixer optimizations took 144 milliseconds
[296月2026 19:15:53.683] [main/DEBUG] [oshi.util.FileUtil/]: No oshi.architecture.properties file found from ClassLoader cpw.mods.modlauncher.TransformingClassLoader@45d6ef73
[296月2026 19:15:53.704] [main/WARN] [oshi.driver.windows.perfmon.PerfmonDisabled/]: Invalid registry value type detected for PerfOS counters. Should be REG_DWORD. Ignoring: HKEY_LOCAL_MACHINE\SYSTEM\CurrentControlSet\Services\PerfOS\Performance\Disable Performance Counters.
[296月2026 19:15:53.724] [pool-9-thread-1/DEBUG] [mixin/]: Mixing MappedRegistryAccessor from neoforge.mixins.json into net.minecraft.core.MappedRegistry
[296月2026 19:15:53.782] [pool-9-thread-1/DEBUG] [mixin/]: Mixing LivingEntitySpearMixin from spearcore.mixins.json into net.minecraft.world.entity.LivingEntity
[296月2026 19:15:53.805] [pool-9-thread-1/DEBUG] [mixin/]: spearcore.mixins.json:LivingEntitySpearMixin from mod spearcore->@Inject::onStartUsingItem(Lnet/minecraft/world/InteractionHand;Lorg/spongepowered/asm/mixin/injection/callback/CallbackInfo;)V doesn't use it's CallbackInfo
[296月2026 19:15:53.805] [pool-9-thread-1/DEBUG] [mixin/]: spearcore.mixins.json:LivingEntitySpearMixin from mod spearcore->@Inject::onStartUsingItem(Lnet/minecraft/world/InteractionHand;Lorg/spongepowered/asm/mixin/injection/callback/CallbackInfo;)V has 0 override(s) in child classes
[296月2026 19:15:53.805] [pool-9-thread-1/DEBUG] [mixin/]: spearcore.mixins.json:LivingEntitySpearMixin from mod spearcore->@Inject::onStartUsingItem(Lnet/minecraft/world/InteractionHand;Lorg/spongepowered/asm/mixin/injection/callback/CallbackInfo;)V won't be passed a CallbackInfo as a result
[296月2026 19:15:53.805] [pool-9-thread-1/DEBUG] [mixin/]: spearcore.mixins.json:LivingEntitySpearMixin from mod spearcore->@Inject::onHandleEntityEvent(BLorg/spongepowered/asm/mixin/injection/callback/CallbackInfo;)V doesn't use it's CallbackInfo
[296月2026 19:15:53.805] [pool-9-thread-1/DEBUG] [mixin/]: spearcore.mixins.json:LivingEntitySpearMixin from mod spearcore->@Inject::onHandleEntityEvent(BLorg/spongepowered/asm/mixin/injection/callback/CallbackInfo;)V has 0 override(s) in child classes
[296月2026 19:15:53.805] [pool-9-thread-1/DEBUG] [mixin/]: spearcore.mixins.json:LivingEntitySpearMixin from mod spearcore->@Inject::onHandleEntityEvent(BLorg/spongepowered/asm/mixin/injection/callback/CallbackInfo;)V won't be passed a CallbackInfo as a result
[296月2026 19:15:53.806] [pool-9-thread-1/DEBUG] [mixin/]: spearcore.mixins.json:LivingEntitySpearMixin from mod spearcore->@Inject::onGetCurrentSwingDuration(Lorg/spongepowered/asm/mixin/injection/callback/CallbackInfoReturnable;)V does use it's CallbackInfoReturnable
[296月2026 19:15:54.284] [pool-9-thread-1/DEBUG] [mixin/]: Mixing BlockEntityTypeAccessor from neoforge.mixins.json into net.minecraft.world.level.block.entity.BlockEntityType
[296月2026 19:15:54.404] [pool-9-thread-1/DEBUG] [mixin/]: Mixing ItemStackMixin from spearcore.mixins.json into net.minecraft.world.item.ItemStack
[296月2026 19:15:54.653] [pool-9-thread-1/DEBUG] [mixin/]: Mixing ServerPlayerMotionMixin from spearcore.mixins.json into net.minecraft.server.level.ServerPlayer
[296月2026 19:15:54.660] [pool-9-thread-1/DEBUG] [mixin/]: spearcore.mixins.json:ServerPlayerMotionMixin from mod spearcore->@Inject::onTickHead(Lorg/spongepowered/asm/mixin/injection/callback/CallbackInfo;)V doesn't use it's CallbackInfo
[296月2026 19:15:54.660] [pool-9-thread-1/DEBUG] [mixin/]: spearcore.mixins.json:ServerPlayerMotionMixin from mod spearcore->@Inject::onTickHead(Lorg/spongepowered/asm/mixin/injection/callback/CallbackInfo;)V has 0 override(s) in child classes
[296月2026 19:15:54.660] [pool-9-thread-1/DEBUG] [mixin/]: spearcore.mixins.json:ServerPlayerMotionMixin from mod spearcore->@Inject::onTickHead(Lorg/spongepowered/asm/mixin/injection/callback/CallbackInfo;)V won't be passed a CallbackInfo as a result
[296月2026 19:15:54.661] [pool-9-thread-1/DEBUG] [mixin/]: spearcore.mixins.json:ServerPlayerMotionMixin from mod spearcore->@Inject::onTickTail(Lorg/spongepowered/asm/mixin/injection/callback/CallbackInfo;)V doesn't use it's CallbackInfo
[296月2026 19:15:54.661] [pool-9-thread-1/DEBUG] [mixin/]: spearcore.mixins.json:ServerPlayerMotionMixin from mod spearcore->@Inject::onTickTail(Lorg/spongepowered/asm/mixin/injection/callback/CallbackInfo;)V has 0 override(s) in child classes
[296月2026 19:15:54.661] [pool-9-thread-1/DEBUG] [mixin/]: spearcore.mixins.json:ServerPlayerMotionMixin from mod spearcore->@Inject::onTickTail(Lorg/spongepowered/asm/mixin/injection/callback/CallbackInfo;)V won't be passed a CallbackInfo as a result
[296月2026 19:15:54.938] [pool-9-thread-1/DEBUG] [mixin/]: Mixing ItemInitializeClientMixin from spearcore.mixins.json into net.minecraft.world.item.Item
[296月2026 19:15:54.942] [pool-9-thread-1/DEBUG] [mixin/]: spearcore.mixins.json:ItemInitializeClientMixin from mod spearcore->@Inject::onInitializeClient(Ljava/util/function/Consumer;Lorg/spongepowered/asm/mixin/injection/callback/CallbackInfo;)V does use it's CallbackInfo
[296月2026 19:15:55.009] [pool-9-thread-1/DEBUG] [io.netty.util.internal.PlatformDependent0/]: -Dio.netty.noUnsafe: false
[296月2026 19:15:55.009] [pool-9-thread-1/DEBUG] [io.netty.util.internal.PlatformDependent0/]: Java version: 21
[296月2026 19:15:55.009] [pool-9-thread-1/DEBUG] [io.netty.util.internal.PlatformDependent0/]: sun.misc.Unsafe.theUnsafe: available
[296月2026 19:15:55.010] [pool-9-thread-1/DEBUG] [io.netty.util.internal.PlatformDependent0/]: sun.misc.Unsafe.copyMemory: available
[296月2026 19:15:55.010] [pool-9-thread-1/DEBUG] [io.netty.util.internal.PlatformDependent0/]: sun.misc.Unsafe.storeFence: available
[296月2026 19:15:55.010] [pool-9-thread-1/DEBUG] [io.netty.util.internal.PlatformDependent0/]: java.nio.Buffer.address: available
[296月2026 19:15:55.010] [pool-9-thread-1/DEBUG] [io.netty.util.internal.PlatformDependent0/]: direct buffer constructor: unavailable: Reflective setAccessible(true) disabled
[296月2026 19:15:55.010] [pool-9-thread-1/DEBUG] [io.netty.util.internal.PlatformDependent0/]: java.nio.Bits.unaligned: available, true
[296月2026 19:15:55.011] [pool-9-thread-1/DEBUG] [io.netty.util.internal.PlatformDependent0/]: jdk.internal.misc.Unsafe.allocateUninitializedArray(int): unavailable: class io.netty.util.internal.PlatformDependent0$7 (in module io.netty.common) cannot access class jdk.internal.misc.Unsafe (in module java.base) because module java.base does not export jdk.internal.misc to module io.netty.common
[296月2026 19:15:55.011] [pool-9-thread-1/DEBUG] [io.netty.util.internal.PlatformDependent0/]: java.nio.DirectByteBuffer.<init>(long, {int,long}): unavailable
[296月2026 19:15:55.011] [pool-9-thread-1/DEBUG] [io.netty.util.internal.PlatformDependent/]: sun.misc.Unsafe: available
[296月2026 19:15:55.011] [pool-9-thread-1/DEBUG] [io.netty.util.internal.PlatformDependent/]: maxDirectMemory: 12842958848 bytes (maybe)
[296月2026 19:15:55.012] [pool-9-thread-1/DEBUG] [io.netty.util.internal.PlatformDependent/]: -Dio.netty.tmpdir: C:\Users\12501\AppData\Local\Temp (java.io.tmpdir)
[296月2026 19:15:55.012] [pool-9-thread-1/DEBUG] [io.netty.util.internal.PlatformDependent/]: -Dio.netty.bitMode: 64 (sun.arch.data.model)
[296月2026 19:15:55.012] [pool-9-thread-1/DEBUG] [io.netty.util.internal.PlatformDependent/]: Platform: Windows
[296月2026 19:15:55.012] [pool-9-thread-1/DEBUG] [io.netty.util.internal.PlatformDependent/]: -Dio.netty.maxDirectMemory: -1 bytes
[296月2026 19:15:55.012] [pool-9-thread-1/DEBUG] [io.netty.util.internal.PlatformDependent/]: -Dio.netty.uninitializedArrayAllocationThreshold: -1
[296月2026 19:15:55.013] [pool-9-thread-1/DEBUG] [io.netty.util.internal.CleanerJava9/]: java.nio.ByteBuffer.cleaner(): available
[296月2026 19:15:55.013] [pool-9-thread-1/DEBUG] [io.netty.util.internal.PlatformDependent/]: -Dio.netty.noPreferDirect: false
[296月2026 19:15:56.539] [main/WARN] [net.minecraft.commands.Commands/]: Ambiguity between arguments [teleport, location] and [teleport, destination] with inputs: [0.1 -0.5 .9, 0 0 0]
[296月2026 19:15:56.539] [main/WARN] [net.minecraft.commands.Commands/]: Ambiguity between arguments [teleport, location] and [teleport, targets] with inputs: [0.1 -0.5 .9, 0 0 0]
[296月2026 19:15:56.540] [main/WARN] [net.minecraft.commands.Commands/]: Ambiguity between arguments [teleport, destination] and [teleport, targets] with inputs: [Player, 0123, @e, dd12be42-52a9-4a91-a8a1-11c01849e498]
[296月2026 19:15:56.541] [main/WARN] [net.minecraft.commands.Commands/]: Ambiguity between arguments [teleport, targets] and [teleport, destination] with inputs: [Player, 0123, dd12be42-52a9-4a91-a8a1-11c01849e498]
[296月2026 19:15:56.542] [main/WARN] [net.minecraft.commands.Commands/]: Ambiguity between arguments [teleport, targets, location] and [teleport, targets, destination] with inputs: [0.1 -0.5 .9, 0 0 0]
[296月2026 19:15:56.558] [Render thread/DEBUG] [mixin/]: Mixing AbstractContainerEventHandlerMixin from imblocker-neoforge.mixins.json into net.minecraft.client.gui.components.events.AbstractContainerEventHandler
[296月2026 19:15:56.561] [Render thread/DEBUG] [mixin/]: Mixing ChatScreenMixin from imblocker-neoforge.mixins.json into net.minecraft.client.gui.screens.ChatScreen
[296月2026 19:15:56.565] [Render thread/DEBUG] [mixin/]: imblocker-neoforge.mixins.json:ChatScreenMixin from mod imblocker->@Inject::initChatState(Lorg/spongepowered/asm/mixin/injection/callback/CallbackInfo;)V does use it's CallbackInfo
[296月2026 19:15:56.565] [Render thread/DEBUG] [mixin/]: imblocker-neoforge.mixins.json:ChatScreenMixin from mod imblocker->@Inject::updateChatState(Ljava/lang/String;Lorg/spongepowered/asm/mixin/injection/callback/CallbackInfo;)V doesn't use it's CallbackInfo
[296月2026 19:15:56.565] [Render thread/DEBUG] [mixin/]: imblocker-neoforge.mixins.json:ChatScreenMixin from mod imblocker->@Inject::updateChatState(Ljava/lang/String;Lorg/spongepowered/asm/mixin/injection/callback/CallbackInfo;)V has 0 override(s) in child classes
[296月2026 19:15:56.565] [Render thread/DEBUG] [mixin/]: imblocker-neoforge.mixins.json:ChatScreenMixin from mod imblocker->@Inject::updateChatState(Ljava/lang/String;Lorg/spongepowered/asm/mixin/injection/callback/CallbackInfo;)V won't be passed a CallbackInfo as a result
[296月2026 19:15:56.565] [Render thread/DEBUG] [mixin/]: imblocker-neoforge.mixins.json:ChatScreenMixin from mod imblocker->@Inject::removeChatState(Lorg/spongepowered/asm/mixin/injection/callback/CallbackInfo;)V doesn't use it's CallbackInfo
[296月2026 19:15:56.565] [Render thread/DEBUG] [mixin/]: imblocker-neoforge.mixins.json:ChatScreenMixin from mod imblocker->@Inject::removeChatState(Lorg/spongepowered/asm/mixin/injection/callback/CallbackInfo;)V has 0 override(s) in child classes
[296月2026 19:15:56.565] [Render thread/DEBUG] [mixin/]: imblocker-neoforge.mixins.json:ChatScreenMixin from mod imblocker->@Inject::removeChatState(Lorg/spongepowered/asm/mixin/injection/callback/CallbackInfo;)V won't be passed a CallbackInfo as a result
[296月2026 19:15:56.573] [Render thread/DEBUG] [mixin/]: Mixing LocalPlayerInputMixin from spearcore.mixins.json into net.minecraft.client.player.LocalPlayer
[296月2026 19:15:56.576] [Render thread/DEBUG] [mixin/]: spearcore.mixins.json:LocalPlayerInputMixin from mod spearcore->@Inject::afterInputTick(Lorg/spongepowered/asm/mixin/injection/callback/CallbackInfo;)V doesn't use it's CallbackInfo
[296月2026 19:15:56.576] [Render thread/DEBUG] [mixin/]: spearcore.mixins.json:LocalPlayerInputMixin from mod spearcore->@Inject::afterInputTick(Lorg/spongepowered/asm/mixin/injection/callback/CallbackInfo;)V has 0 override(s) in child classes
[296月2026 19:15:56.576] [Render thread/DEBUG] [mixin/]: spearcore.mixins.json:LocalPlayerInputMixin from mod spearcore->@Inject::afterInputTick(Lorg/spongepowered/asm/mixin/injection/callback/CallbackInfo;)V won't be passed a CallbackInfo as a result
[296月2026 19:15:56.578] [Render thread/DEBUG] [mixin/]: Mixing LocalPlayerFovMixin from spearcore.mixins.json into net.minecraft.client.player.AbstractClientPlayer
[296月2026 19:15:56.583] [Render thread/DEBUG] [mixin/]: spearcore.mixins.json:LocalPlayerFovMixin from mod spearcore->@Inject::onGetFieldOfViewModifier(Lorg/spongepowered/asm/mixin/injection/callback/CallbackInfoReturnable;)V does use it's CallbackInfoReturnable
[296月2026 19:15:56.635] [Render thread/WARN] [net.minecraft.server.packs.VanillaPackResourcesBuilder/]: Assets URL 'union:/C:/Users/12501/MCreatorWorkspaces/spearcore/build/moddev/artifacts/neoforge-21.1.190.jar%23189!/assets/.mcassetsroot' uses unexpected schema
[296月2026 19:15:56.635] [Render thread/WARN] [net.minecraft.server.packs.VanillaPackResourcesBuilder/]: Assets URL 'union:/C:/Users/12501/MCreatorWorkspaces/spearcore/build/moddev/artifacts/neoforge-21.1.190.jar%23189!/data/.mcassetsroot' uses unexpected schema
[296月2026 19:15:56.650] [Render thread/INFO] [com.mojang.authlib.yggdrasil.YggdrasilAuthenticationService/]: Environment: Environment[sessionHost=https://sessionserver.mojang.com, servicesHost=https://api.minecraftservices.com, name=PROD]
[296月2026 19:15:56.656] [Render thread/INFO] [net.minecraft.client.Minecraft/]: Setting user: Dev
[296月2026 19:15:56.665] [Render thread/DEBUG] [mixin/]: Mixing AbstractWidgetMixin from imblocker-neoforge.mixins.json into net.minecraft.client.gui.components.AbstractWidget
[296月2026 19:15:56.666] [Render thread/DEBUG] [mixin/]: imblocker-neoforge.mixins.json:AbstractWidgetMixin from mod imblocker->@Inject::focusChanged(ZLorg/spongepowered/asm/mixin/injection/callback/CallbackInfo;)V doesn't use it's CallbackInfo
[296月2026 19:15:56.666] [Render thread/DEBUG] [mixin/]: imblocker-neoforge.mixins.json:AbstractWidgetMixin from mod imblocker->@Inject::focusChanged(ZLorg/spongepowered/asm/mixin/injection/callback/CallbackInfo;)V has 2 override(s) in child classes
[296月2026 19:15:56.666] [Render thread/DEBUG] [mixin/]: imblocker-neoforge.mixins.json:AbstractWidgetMixin from mod imblocker->@Inject::focusChanged(ZLorg/spongepowered/asm/mixin/injection/callback/CallbackInfo;)V won't be passed a CallbackInfo as a result
[296月2026 19:15:56.666] [Render thread/DEBUG] [mixin/]: imblocker-neoforge.mixins.json:AbstractWidgetMixin from mod imblocker->@Inject::updateLastRenderTime(Lorg/spongepowered/asm/mixin/injection/callback/CallbackInfoReturnable;)V doesn't use it's CallbackInfoReturnable
[296月2026 19:15:56.666] [Render thread/DEBUG] [mixin/]: imblocker-neoforge.mixins.json:AbstractWidgetMixin from mod imblocker->@Inject::updateLastRenderTime(Lorg/spongepowered/asm/mixin/injection/callback/CallbackInfoReturnable;)V has 1 override(s) in child classes
[296月2026 19:15:56.666] [Render thread/DEBUG] [mixin/]: imblocker-neoforge.mixins.json:AbstractWidgetMixin from mod imblocker->@Inject::updateLastRenderTime(Lorg/spongepowered/asm/mixin/injection/callback/CallbackInfoReturnable;)V won't be passed a CallbackInfoReturnable as a result
[296月2026 19:15:56.709] [Render thread/INFO] [net.minecraft.client.Minecraft/]: Backend library: LWJGL version 3.3.3+5
[296月2026 19:15:56.709] [Render thread/DEBUG] [mixin/]: Mixing WindowMixin from imblocker-neoforge.mixins.json into com.mojang.blaze3d.platform.Window
[296月2026 19:15:56.710] [Render thread/DEBUG] [mixin/]: Mixing WindowsFullScreenPatch from imblocker-neoforge.mixins.json into com.mojang.blaze3d.platform.Window
[296月2026 19:15:56.711] [Render thread/DEBUG] [mixin/]: imblocker-neoforge.mixins.json:WindowMixin from mod imblocker->@Inject::onScaleFactorChanged(DLorg/spongepowered/asm/mixin/injection/callback/CallbackInfo;)V doesn't use it's CallbackInfo
[296月2026 19:15:56.711] [Render thread/DEBUG] [mixin/]: imblocker-neoforge.mixins.json:WindowsFullScreenPatch from mod imblocker->@Inject::tweakFullScreenWindowStyle(Lorg/spongepowered/asm/mixin/injection/callback/CallbackInfo;)V doesn't use it's CallbackInfo
[296月2026 19:15:56.711] [Render thread/DEBUG] [mixin/]: imblocker-neoforge.mixins.json:WindowsFullScreenPatch from mod imblocker->@Inject::tweakFullScreenWindowStyle(Lorg/spongepowered/asm/mixin/injection/callback/CallbackInfo;)V doesn't use it's CallbackInfo
[296月2026 19:15:56.776] [Render thread/DEBUG] [mixin/]: Mixing UnlockIMEKeyListener from imblocker-neoforge.mixins.json into net.minecraft.client.KeyboardHandler
[296月2026 19:15:56.779] [Render thread/DEBUG] [mixin/]: Mixing KeyboardHandlerAccessor from imblocker-neoforge.mixins.json into net.minecraft.client.KeyboardHandler
[296月2026 19:15:56.779] [Render thread/DEBUG] [mixin/]: imblocker-neoforge.mixins.json:UnlockIMEKeyListener from mod imblocker->@Inject::onKeyInvoked(JIIIILorg/spongepowered/asm/mixin/injection/callback/CallbackInfo;)V doesn't use it's CallbackInfo
[296月2026 19:15:56.779] [Render thread/DEBUG] [mixin/]: imblocker-neoforge.mixins.json:UnlockIMEKeyListener from mod imblocker->@Inject::onKeyInvoked(JIIIILorg/spongepowered/asm/mixin/injection/callback/CallbackInfo;)V has 0 override(s) in child classes
[296月2026 19:15:56.779] [Render thread/DEBUG] [mixin/]: imblocker-neoforge.mixins.json:UnlockIMEKeyListener from mod imblocker->@Inject::onKeyInvoked(JIIIILorg/spongepowered/asm/mixin/injection/callback/CallbackInfo;)V won't be passed a CallbackInfo as a result
[296月2026 19:15:56.834] [Render thread/DEBUG] [net.neoforged.fml.ModWorkManager/LOADING]: Using 20 threads for parallel mod-loading
[296月2026 19:15:56.849] [Render thread/DEBUG] [net.neoforged.fml.javafmlmod.FMLModContainer/LOADING]: Creating FMLModContainer instance for [io.github.reserveword.imblocker.IMBlocker]
[296月2026 19:15:56.851] [Render thread/DEBUG] [net.neoforged.fml.javafmlmod.FMLModContainer/LOADING]: Creating FMLModContainer instance for [net.neoforged.neoforge.common.NeoForgeMod, net.neoforged.neoforge.client.ClientNeoForgeMod]
[296月2026 19:15:56.853] [Render thread/DEBUG] [net.neoforged.fml.javafmlmod.FMLModContainer/LOADING]: Creating FMLModContainer instance for [net.minecraft.spearcore.SpearcoreMod]
[296月2026 19:15:56.854] [Render thread/DEBUG] [net.neoforged.fml.javafmlmod.FMLModContainer/LOADING]: Creating FMLModContainer instance for [mezz.jei.neoforge.JustEnoughItems]
[296月2026 19:15:56.866] [modloading-worker-0/WARN] [io.github.reserveword.imblocker.common.IMBlockerCore/]: [IMBlocker] Class com.simibubi.create.content.equipment.clipboard.ClipboardScreen not found, ignored.
[296月2026 19:15:56.866] [modloading-worker-0/WARN] [io.github.reserveword.imblocker.common.IMBlockerCore/]: [IMBlocker] Class net.mehvahdjukaar.supplementaries.client.screens.TextHolderEditScreen not found, ignored.
[296月2026 19:15:56.870] [modloading-worker-0/INFO] [io.github.reserveword.imblocker.common.IMBlockerCore/]: [IMBlocker] bakelist screenWhitelist result [class net.minecraft.client.gui.screens.inventory.AbstractSignEditScreen, class net.minecraft.client.gui.screens.inventory.BookEditScreen]
[296月2026 19:15:56.870] [modloading-worker-0/DEBUG] [net.neoforged.fml.javafmlmod.AutomaticEventSubscriber/LOADING]: Attempting to inject @EventBusSubscriber classes into the eventbus for imblocker
[296月2026 19:15:56.871] [modloading-worker-0/DEBUG] [net.neoforged.fml.config.ConfigTracker/CONFIG]: Config file jei-server.toml for jei tracking
[296月2026 19:15:56.874] [modloading-worker-0/DEBUG] [net.neoforged.neoforge.internal.versions.neoforge.NeoForgeVersion/CORE]: Found NeoForge version 21.1.190
[296月2026 19:15:56.874] [modloading-worker-0/DEBUG] [net.neoforged.neoforge.internal.versions.neoforge.NeoForgeVersion/CORE]: Found FML version 4.0.41
[296月2026 19:15:56.874] [modloading-worker-0/INFO] [net.neoforged.neoforge.common.NeoForgeMod/NEOFORGE-MOD]: NeoForge mod loading, version 21.1.190, for MC 1.21.1
[296月2026 19:15:56.895] [modloading-worker-0/DEBUG] [net.neoforged.fml.config.ConfigTracker/CONFIG]: Config file neoforge-client.toml for neoforge tracking
[296月2026 19:15:56.895] [modloading-worker-0/DEBUG] [net.neoforged.fml.config.ConfigTracker/CONFIG]: Config file neoforge-server.toml for neoforge tracking
[296月2026 19:15:56.895] [modloading-worker-0/DEBUG] [net.neoforged.fml.config.ConfigTracker/CONFIG]: Config file neoforge-common.toml for neoforge tracking
[296月2026 19:15:56.904] [modloading-worker-0/DEBUG] [mezz.jei.common.platform.Services/]: Loaded mezz.jei.neoforge.platform.PlatformHelper@405286d4 for service interface mezz.jei.common.platform.IPlatformHelper
[296月2026 19:15:56.909] [modloading-worker-0/DEBUG] [mezz.jei.common.config.file.ConfigSerializer/]: Loading config file: C:\Users\12501\MCreatorWorkspaces\spearcore\run\config\jei\jei-debug.ini
[296月2026 19:15:56.910] [modloading-worker-0/DEBUG] [mezz.jei.common.config.file.ConfigSchema/]: Localization has not loaded yet, waiting to save the config file until JEI starts.
[296月2026 19:15:56.912] [modloading-worker-0/DEBUG] [mezz.jei.common.config.file.ConfigSerializer/]: Loading config file: C:\Users\12501\MCreatorWorkspaces\spearcore\run\config\jei\jei-mod-id-format.ini
[296月2026 19:15:56.912] [modloading-worker-0/DEBUG] [mezz.jei.common.config.file.ConfigSchema/]: Localization has not loaded yet, waiting to save the config file until JEI starts.
[296月2026 19:15:56.914] [modloading-worker-0/DEBUG] [mezz.jei.common.config.file.ConfigSerializer/]: Loading config file: C:\Users\12501\MCreatorWorkspaces\spearcore\run\config\jei\jei-colors.ini
[296月2026 19:15:56.914] [modloading-worker-0/DEBUG] [mezz.jei.common.config.file.ConfigSchema/]: Localization has not loaded yet, waiting to save the config file until JEI starts.
[296月2026 19:15:56.919] [modloading-worker-0/DEBUG] [mezz.jei.common.config.file.ConfigSerializer/]: Loading config file: C:\Users\12501\MCreatorWorkspaces\spearcore\run\config\jei\jei-client.ini
[296月2026 19:15:56.920] [modloading-worker-0/DEBUG] [mezz.jei.common.config.file.ConfigSchema/]: Localization has not loaded yet, waiting to save the config file until JEI starts.
[296月2026 19:15:56.922] [modloading-worker-0/INFO] [mezz.jei.library.load.PluginCaller/]: Sending ConfigManager...
[296月2026 19:15:56.923] [modloading-worker-0/DEBUG] [mezz.jei.library.load.PluginCallerTimerRunnable/]: Sending ConfigManager: jei:minecraft...
[296月2026 19:15:56.923] [modloading-worker-0/DEBUG] [mezz.jei.library.load.PluginCallerTimerRunnable/]: Sending ConfigManager: jei:neoforge_gui...
[296月2026 19:15:56.923] [modloading-worker-0/DEBUG] [mezz.jei.library.load.PluginCallerTimerRunnable/]: Sending ConfigManager: jei:debug...
[296月2026 19:15:56.923] [modloading-worker-0/DEBUG] [mezz.jei.library.load.PluginCallerTimerRunnable/]: Sending ConfigManager: jei:gui...
[296月2026 19:15:56.923] [modloading-worker-0/DEBUG] [mezz.jei.library.load.PluginCallerTimerRunnable/]: Sending ConfigManager: jei:internal...
[296月2026 19:15:56.923] [modloading-worker-0/INFO] [mezz.jei.library.load.PluginCaller/]: Sending ConfigManager took 924.8 microseconds
[296月2026 19:15:56.926] [modloading-worker-0/DEBUG] [net.neoforged.fml.javafmlmod.AutomaticEventSubscriber/LOADING]: Attempting to inject @EventBusSubscriber classes into the eventbus for jei
[296月2026 19:15:56.929] [modloading-worker-0/DEBUG] [net.neoforged.fml.javafmlmod.AutomaticEventSubscriber/LOADING]: Attempting to inject @EventBusSubscriber classes into the eventbus for neoforge
[296月2026 19:15:56.929] [modloading-worker-0/DEBUG] [net.neoforged.fml.javafmlmod.AutomaticEventSubscriber/LOADING]: Scanning class net.neoforged.neoforge.server.command.ConfigCommand for @SubscribeEvent-annotated methods
[296月2026 19:15:56.929] [modloading-worker-0/DEBUG] [net.neoforged.fml.javafmlmod.AutomaticEventSubscriber/]: Subscribing @EventBusSubscriber class Lnet/neoforged/neoforge/server/command/ConfigCommand; to the game event bus
[296月2026 19:15:56.930] [modloading-worker-0/DEBUG] [net.neoforged.fml.javafmlmod.AutomaticEventSubscriber/LOADING]: Scanning class net.neoforged.neoforge.network.filters.GenericPacketSplitter for @SubscribeEvent-annotated methods
[296月2026 19:15:56.944] [modloading-worker-0/DEBUG] [io.netty.buffer.AbstractByteBuf/]: -Dio.netty.buffer.checkAccessible: true
[296月2026 19:15:56.944] [modloading-worker-0/DEBUG] [io.netty.buffer.AbstractByteBuf/]: -Dio.netty.buffer.checkBounds: true
[296月2026 19:15:56.944] [modloading-worker-0/DEBUG] [io.netty.util.ResourceLeakDetectorFactory/]: Loaded default ResourceLeakDetector: io.netty.util.ResourceLeakDetector@3344adc
[296月2026 19:15:56.948] [modloading-worker-0/DEBUG] [io.netty.util.internal.InternalThreadLocalMap/]: -Dio.netty.threadLocalMap.stringBuilder.initialSize: 1024
[296月2026 19:15:56.949] [modloading-worker-0/DEBUG] [io.netty.util.internal.InternalThreadLocalMap/]: -Dio.netty.threadLocalMap.stringBuilder.maxSize: 4096
[296月2026 19:15:56.950] [modloading-worker-0/DEBUG] [io.netty.buffer.PooledByteBufAllocator/]: -Dio.netty.allocator.numHeapArenas: 40
[296月2026 19:15:56.950] [modloading-worker-0/DEBUG] [io.netty.buffer.PooledByteBufAllocator/]: -Dio.netty.allocator.numDirectArenas: 40
[296月2026 19:15:56.950] [modloading-worker-0/DEBUG] [io.netty.buffer.PooledByteBufAllocator/]: -Dio.netty.allocator.pageSize: 8192
[296月2026 19:15:56.950] [modloading-worker-0/DEBUG] [io.netty.buffer.PooledByteBufAllocator/]: -Dio.netty.allocator.maxOrder: 9
[296月2026 19:15:56.950] [modloading-worker-0/DEBUG] [io.netty.buffer.PooledByteBufAllocator/]: -Dio.netty.allocator.chunkSize: 4194304
[296月2026 19:15:56.950] [modloading-worker-0/DEBUG] [io.netty.buffer.PooledByteBufAllocator/]: -Dio.netty.allocator.smallCacheSize: 256
[296月2026 19:15:56.950] [modloading-worker-0/DEBUG] [io.netty.buffer.PooledByteBufAllocator/]: -Dio.netty.allocator.normalCacheSize: 64
[296月2026 19:15:56.950] [modloading-worker-0/DEBUG] [io.netty.buffer.PooledByteBufAllocator/]: -Dio.netty.allocator.maxCachedBufferCapacity: 32768
[296月2026 19:15:56.950] [modloading-worker-0/DEBUG] [io.netty.buffer.PooledByteBufAllocator/]: -Dio.netty.allocator.cacheTrimInterval: 8192
[296月2026 19:15:56.950] [modloading-worker-0/DEBUG] [io.netty.buffer.PooledByteBufAllocator/]: -Dio.netty.allocator.cacheTrimIntervalMillis: 0
[296月2026 19:15:56.950] [modloading-worker-0/DEBUG] [io.netty.buffer.PooledByteBufAllocator/]: -Dio.netty.allocator.useCacheForAllThreads: false
[296月2026 19:15:56.950] [modloading-worker-0/DEBUG] [io.netty.buffer.PooledByteBufAllocator/]: -Dio.netty.allocator.maxCachedByteBuffersPerChunk: 1023
[296月2026 19:15:56.956] [modloading-worker-0/DEBUG] [io.netty.buffer.ByteBufUtil/]: -Dio.netty.allocator.type: pooled
[296月2026 19:15:56.956] [modloading-worker-0/DEBUG] [io.netty.buffer.ByteBufUtil/]: -Dio.netty.threadLocalDirectBufferSize: 0
[296月2026 19:15:56.957] [modloading-worker-0/DEBUG] [io.netty.buffer.ByteBufUtil/]: -Dio.netty.maxThreadLocalCharBufferSize: 16384
[296月2026 19:15:56.960] [modloading-worker-0/DEBUG] [net.neoforged.fml.javafmlmod.AutomaticEventSubscriber/]: Subscribing @EventBusSubscriber class Lnet/neoforged/neoforge/network/filters/GenericPacketSplitter; to the mod event bus of mod neoforge
[296月2026 19:15:56.961] [modloading-worker-0/DEBUG] [net.neoforged.fml.javafmlmod.AutomaticEventSubscriber/LOADING]: Scanning class net.neoforged.neoforge.network.NetworkInitialization for @SubscribeEvent-annotated methods
[296月2026 19:15:56.961] [modloading-worker-0/DEBUG] [net.neoforged.fml.javafmlmod.AutomaticEventSubscriber/]: Subscribing @EventBusSubscriber class Lnet/neoforged/neoforge/network/NetworkInitialization; to the mod event bus of mod neoforge
[296月2026 19:15:56.961] [modloading-worker-0/DEBUG] [net.neoforged.fml.javafmlmod.AutomaticEventSubscriber/LOADING]: Scanning class net.neoforged.neoforge.network.ConfigurationInitialization for @SubscribeEvent-annotated methods
[296月2026 19:15:56.962] [modloading-worker-0/DEBUG] [net.neoforged.fml.javafmlmod.AutomaticEventSubscriber/]: Subscribing @EventBusSubscriber class Lnet/neoforged/neoforge/network/ConfigurationInitialization; to the mod event bus of mod neoforge
[296月2026 19:15:56.962] [modloading-worker-0/DEBUG] [net.neoforged.fml.javafmlmod.AutomaticEventSubscriber/LOADING]: Scanning class net.neoforged.neoforge.common.MonsterRoomHooks for @SubscribeEvent-annotated methods
[296月2026 19:15:56.963] [modloading-worker-0/DEBUG] [net.neoforged.fml.javafmlmod.AutomaticEventSubscriber/]: Subscribing @EventBusSubscriber class Lnet/neoforged/neoforge/common/MonsterRoomHooks; to the game event bus
[296月2026 19:15:56.963] [modloading-worker-0/DEBUG] [net.neoforged.fml.javafmlmod.AutomaticEventSubscriber/LOADING]: Scanning class net.neoforged.neoforge.common.DeferredSpawnEggItem$CommonHandler for @SubscribeEvent-annotated methods
[296月2026 19:15:56.963] [modloading-worker-0/DEBUG] [net.neoforged.fml.javafmlmod.AutomaticEventSubscriber/]: Subscribing @EventBusSubscriber class Lnet/neoforged/neoforge/common/DeferredSpawnEggItem$CommonHandler; to the mod event bus of mod neoforge
[296月2026 19:15:56.964] [modloading-worker-0/DEBUG] [net.neoforged.fml.javafmlmod.AutomaticEventSubscriber/LOADING]: Scanning class net.neoforged.neoforge.common.DeferredSpawnEggItem$ColorRegisterHandler for @SubscribeEvent-annotated methods
[296月2026 19:15:56.964] [modloading-worker-0/DEBUG] [net.neoforged.fml.javafmlmod.AutomaticEventSubscriber/]: Subscribing @EventBusSubscriber class Lnet/neoforged/neoforge/common/DeferredSpawnEggItem$ColorRegisterHandler; to the mod event bus of mod neoforge
[296月2026 19:15:56.964] [modloading-worker-0/DEBUG] [net.neoforged.fml.javafmlmod.AutomaticEventSubscriber/LOADING]: Scanning class net.neoforged.neoforge.client.model.data.ModelDataManager for @SubscribeEvent-annotated methods
[296月2026 19:15:56.965] [modloading-worker-0/DEBUG] [net.neoforged.fml.javafmlmod.AutomaticEventSubscriber/]: Subscribing @EventBusSubscriber class Lnet/neoforged/neoforge/client/model/data/ModelDataManager; to the game event bus
[296月2026 19:15:56.965] [modloading-worker-0/DEBUG] [net.neoforged.fml.javafmlmod.AutomaticEventSubscriber/LOADING]: Scanning class net.neoforged.neoforge.client.ParticleBoundsDebugRenderer for @SubscribeEvent-annotated methods
[296月2026 19:15:56.967] [modloading-worker-0/DEBUG] [net.neoforged.fml.javafmlmod.AutomaticEventSubscriber/]: Subscribing @EventBusSubscriber class Lnet/neoforged/neoforge/client/ParticleBoundsDebugRenderer; to the game event bus
[296月2026 19:15:56.967] [modloading-worker-0/DEBUG] [net.neoforged.fml.javafmlmod.AutomaticEventSubscriber/LOADING]: Scanning class net.neoforged.neoforge.client.ClientHooks$ClientEvents for @SubscribeEvent-annotated methods
[296月2026 19:15:56.968] [modloading-worker-0/DEBUG] [net.neoforged.fml.javafmlmod.AutomaticEventSubscriber/]: Subscribing @EventBusSubscriber class Lnet/neoforged/neoforge/client/ClientHooks$ClientEvents; to the mod event bus of mod neoforge
[296月2026 19:15:56.968] [modloading-worker-0/DEBUG] [net.neoforged.fml.javafmlmod.AutomaticEventSubscriber/LOADING]: Scanning class net.neoforged.neoforge.client.BlockEntityRenderBoundsDebugRenderer for @SubscribeEvent-annotated methods
[296月2026 19:15:56.969] [modloading-worker-0/DEBUG] [net.neoforged.fml.javafmlmod.AutomaticEventSubscriber/]: Subscribing @EventBusSubscriber class Lnet/neoforged/neoforge/client/BlockEntityRenderBoundsDebugRenderer; to the game event bus
[296月2026 19:15:56.969] [modloading-worker-0/DEBUG] [net.neoforged.fml.javafmlmod.AutomaticEventSubscriber/LOADING]: Scanning class net.neoforged.neoforge.attachment.AttachmentInternals for @SubscribeEvent-annotated methods
[296月2026 19:15:56.970] [modloading-worker-0/DEBUG] [net.neoforged.fml.javafmlmod.AutomaticEventSubscriber/]: Subscribing @EventBusSubscriber class Lnet/neoforged/neoforge/attachment/AttachmentInternals; to the game event bus
[296月2026 19:15:56.972] [modloading-worker-0/DEBUG] [net.neoforged.fml.config.ConfigTracker/CONFIG]: Config file spearcore-common.toml for spearcore tracking
[296月2026 19:15:56.977] [modloading-worker-0/DEBUG] [net.neoforged.fml.javafmlmod.AutomaticEventSubscriber/LOADING]: Attempting to inject @EventBusSubscriber classes into the eventbus for spearcore
[296月2026 19:15:56.978] [modloading-worker-0/DEBUG] [net.neoforged.fml.javafmlmod.AutomaticEventSubscriber/LOADING]: Scanning class net.minecraft.spearcore.client.SpearAttackHandler for @SubscribeEvent-annotated methods
[296月2026 19:15:56.978] [modloading-worker-0/DEBUG] [net.neoforged.fml.javafmlmod.AutomaticEventSubscriber/]: Subscribing @EventBusSubscriber class Lnet/minecraft/spearcore/client/SpearAttackHandler; to the game event bus
[296月2026 19:15:56.978] [modloading-worker-0/DEBUG] [net.neoforged.fml.javafmlmod.AutomaticEventSubscriber/LOADING]: Scanning class net.minecraft.spearcore.client.SpearChargeHandler for @SubscribeEvent-annotated methods
[296月2026 19:15:56.979] [modloading-worker-0/DEBUG] [net.neoforged.fml.javafmlmod.AutomaticEventSubscriber/]: Subscribing @EventBusSubscriber class Lnet/minecraft/spearcore/client/SpearChargeHandler; to the game event bus
[296月2026 19:15:56.979] [modloading-worker-0/DEBUG] [net.neoforged.fml.javafmlmod.AutomaticEventSubscriber/LOADING]: Scanning class net.minecraft.spearcore.event.SpearMobHandler for @SubscribeEvent-annotated methods
[296月2026 19:15:56.981] [modloading-worker-0/DEBUG] [net.neoforged.fml.javafmlmod.AutomaticEventSubscriber/]: Subscribing @EventBusSubscriber class Lnet/minecraft/spearcore/event/SpearMobHandler; to the game event bus
[296月2026 19:15:56.981] [modloading-worker-0/DEBUG] [net.neoforged.fml.javafmlmod.AutomaticEventSubscriber/LOADING]: Scanning class net.minecraft.spearcore.init.CreativeTab for @SubscribeEvent-annotated methods
[296月2026 19:15:56.981] [modloading-worker-0/DEBUG] [net.neoforged.fml.javafmlmod.AutomaticEventSubscriber/]: Subscribing @EventBusSubscriber class Lnet/minecraft/spearcore/init/CreativeTab; to the mod event bus of mod spearcore
[296月2026 19:15:56.982] [modloading-worker-0/DEBUG] [net.neoforged.fml.javafmlmod.AutomaticEventSubscriber/LOADING]: Scanning class net.minecraft.spearcore.procedures.LungeEventProcedure$LungeEventMessage for @SubscribeEvent-annotated methods
[296月2026 19:15:56.983] [modloading-worker-0/DEBUG] [net.neoforged.fml.javafmlmod.AutomaticEventSubscriber/]: Subscribing @EventBusSubscriber class Lnet/minecraft/spearcore/procedures/LungeEventProcedure$LungeEventMessage; to the mod event bus of mod spearcore
[296月2026 19:15:56.984] [modloading-worker-0/DEBUG] [net.neoforged.fml.javafmlmod.AutomaticEventSubscriber/LOADING]: Scanning class net.minecraft.spearcore.procedures.LungeEventProcedure for @SubscribeEvent-annotated methods
[296月2026 19:15:56.984] [modloading-worker-0/DEBUG] [net.neoforged.fml.javafmlmod.AutomaticEventSubscriber/]: Subscribing @EventBusSubscriber class Lnet/minecraft/spearcore/procedures/LungeEventProcedure; to the game event bus
[296月2026 19:15:57.045] [modloading-sync-worker/DEBUG] [mixin/]: Mixing HumanoidModelMixin from spearcore.mixins.json into net.minecraft.client.model.HumanoidModel
[296月2026 19:15:57.054] [modloading-sync-worker/DEBUG] [mixin/]: spearcore.mixins.json:HumanoidModelMixin from mod spearcore->@Inject::onSetupAnim(Lnet/minecraft/world/entity/LivingEntity;FFFFFLorg/spongepowered/asm/mixin/injection/callback/CallbackInfo;)V doesn't use it's CallbackInfo
[296月2026 19:15:57.054] [modloading-sync-worker/DEBUG] [mixin/]: spearcore.mixins.json:HumanoidModelMixin from mod spearcore->@Inject::onSetupAnim(Lnet/minecraft/world/entity/LivingEntity;FFFFFLorg/spongepowered/asm/mixin/injection/callback/CallbackInfo;)V has 0 override(s) in child classes
[296月2026 19:15:57.054] [modloading-sync-worker/DEBUG] [mixin/]: spearcore.mixins.json:HumanoidModelMixin from mod spearcore->@Inject::onSetupAnim(Lnet/minecraft/world/entity/LivingEntity;FFFFFLorg/spongepowered/asm/mixin/injection/callback/CallbackInfo;)V won't be passed a CallbackInfo as a result
[296月2026 19:15:57.069] [modloading-sync-worker/DEBUG] [net.neoforged.fml.config.ConfigTracker/CONFIG]: Loading configs type CLIENT
[296月2026 19:15:57.073] [modloading-sync-worker/DEBUG] [net.neoforged.neoforge.common.NeoForgeConfig/FORGEMOD]: Loaded NeoForge config file neoforge-client.toml
[296月2026 19:15:57.074] [modloading-sync-worker/DEBUG] [net.neoforged.fml.config.ConfigTracker/CONFIG]: Loaded TOML config file C:\Users\12501\MCreatorWorkspaces\spearcore\run\config\neoforge-client.toml
[296月2026 19:15:57.076] [modloading-sync-worker/DEBUG] [net.neoforged.fml.config.ConfigTracker/CONFIG]: Watching TOML config file C:\Users\12501\MCreatorWorkspaces\spearcore\run\config\neoforge-client.toml for changes
[296月2026 19:15:57.076] [modloading-sync-worker/DEBUG] [net.neoforged.fml.config.ConfigTracker/CONFIG]: Loading configs type COMMON
[296月2026 19:15:57.076] [modloading-sync-worker/DEBUG] [net.neoforged.neoforge.common.NeoForgeConfig/FORGEMOD]: Loaded NeoForge config file neoforge-common.toml
[296月2026 19:15:57.076] [modloading-sync-worker/DEBUG] [net.neoforged.fml.config.ConfigTracker/CONFIG]: Loaded TOML config file C:\Users\12501\MCreatorWorkspaces\spearcore\run\config\neoforge-common.toml
[296月2026 19:15:57.078] [modloading-sync-worker/DEBUG] [net.neoforged.fml.config.ConfigTracker/CONFIG]: Watching TOML config file C:\Users\12501\MCreatorWorkspaces\spearcore\run\config\neoforge-common.toml for changes
[296月2026 19:15:57.079] [modloading-sync-worker/DEBUG] [net.neoforged.fml.config.ConfigTracker/CONFIG]: Loaded TOML config file C:\Users\12501\MCreatorWorkspaces\spearcore\run\config\spearcore-common.toml
[296月2026 19:15:57.079] [modloading-sync-worker/DEBUG] [net.neoforged.fml.config.ConfigTracker/CONFIG]: Watching TOML config file C:\Users\12501\MCreatorWorkspaces\spearcore\run\config\spearcore-common.toml for changes
[296月2026 19:15:57.236] [Render thread/DEBUG] [mixin/]: Mixing ItemInHandRendererMixin from spearcore.mixins.json into net.minecraft.client.renderer.ItemInHandRenderer
[296月2026 19:15:57.239] [Render thread/DEBUG] [mixin/]: spearcore.mixins.json:ItemInHandRendererMixin from mod spearcore->@Inject::onRenderArmWithItem(Lnet/minecraft/client/player/AbstractClientPlayer;FFLnet/minecraft/world/InteractionHand;FLnet/minecraft/world/item/ItemStack;FLcom/mojang/blaze3d/vertex/PoseStack;Lnet/minecraft/client/renderer/MultiBufferSource;ILorg/spongepowered/asm/mixin/injection/callback/CallbackInfo;)V does use it's CallbackInfo
[296月2026 19:15:57.335] [Render thread/INFO] [net.neoforged.neoforge.gametest.GameTestHooks/]: Enabled Gametest Namespaces: []
[296月2026 19:15:57.448] [Render thread/INFO] [net.minecraft.server.packs.resources.ReloadableResourceManager/]: Reloading ResourceManager: vanilla, mod_resources, mod/imblocker, mod/neoforge, mod/spearcore, mod/jei
[296月2026 19:15:57.518] [Render thread/DEBUG] [net.neoforged.fml.DeferredWorkQueue/LOADING]: Dispatching synchronous work for work queue Common setup: 1 jobs
[296月2026 19:15:57.521] [Render thread/DEBUG] [net.neoforged.fml.DeferredWorkQueue/LOADING]: Synchronous work queue completed in 2.272 ms
[296月2026 19:15:57.529] [Worker-Main-14/INFO] [net.minecraft.client.gui.font.providers.UnihexProvider/]: Found unifont_all_no_pua-15.1.05.hex, loading
[296月2026 19:15:57.556] [Worker-Main-15/INFO] [net.minecraft.client.gui.font.providers.UnihexProvider/]: Found unifont_jp_patch-15.1.05.hex, loading
[296月2026 19:15:58.368] [Render thread/WARN] [net.minecraft.client.sounds.SoundEngine/]: Missing sound for event: minecraft:item.goat_horn.play
[296月2026 19:15:58.369] [Render thread/WARN] [net.minecraft.client.sounds.SoundEngine/]: Missing sound for event: minecraft:entity.goat.screaming.horn_break
[296月2026 19:15:58.416] [Render thread/INFO] [com.mojang.blaze3d.audio.Library/]: OpenAL initialized on device OpenAL Soft on 扬声器 (HECATE G5无线版)
[296月2026 19:15:58.417] [Render thread/INFO] [net.minecraft.client.sounds.SoundEngine/SOUNDS]: Sound engine started
[296月2026 19:15:58.473] [Render thread/INFO] [net.minecraft.client.renderer.texture.TextureAtlas/]: Created: 1024x512x2 minecraft:textures/atlas/blocks.png-atlas
[296月2026 19:15:58.479] [Render thread/INFO] [net.minecraft.client.renderer.texture.TextureAtlas/]: Created: 256x256x2 minecraft:textures/atlas/signs.png-atlas
[296月2026 19:15:58.479] [Render thread/INFO] [net.minecraft.client.renderer.texture.TextureAtlas/]: Created: 512x512x2 minecraft:textures/atlas/shield_patterns.png-atlas
[296月2026 19:15:58.479] [Render thread/INFO] [net.minecraft.client.renderer.texture.TextureAtlas/]: Created: 512x512x2 minecraft:textures/atlas/banner_patterns.png-atlas
[296月2026 19:15:58.479] [Render thread/INFO] [net.minecraft.client.renderer.texture.TextureAtlas/]: Created: 1024x1024x2 minecraft:textures/atlas/armor_trims.png-atlas
[296月2026 19:15:58.484] [Render thread/INFO] [net.minecraft.client.renderer.texture.TextureAtlas/]: Created: 128x64x2 minecraft:textures/atlas/decorated_pot.png-atlas
[296月2026 19:15:58.484] [Render thread/INFO] [net.minecraft.client.renderer.texture.TextureAtlas/]: Created: 256x256x2 minecraft:textures/atlas/chest.png-atlas
[296月2026 19:15:58.484] [Render thread/INFO] [net.minecraft.client.renderer.texture.TextureAtlas/]: Created: 512x256x2 minecraft:textures/atlas/shulker_boxes.png-atlas
[296月2026 19:15:58.485] [Render thread/INFO] [net.minecraft.client.renderer.texture.TextureAtlas/]: Created: 512x256x2 minecraft:textures/atlas/beds.png-atlas
[296月2026 19:15:58.539] [Render thread/DEBUG] [mixin/]: Mixing ItemInHandLayerMixin from spearcore.mixins.json into net.minecraft.client.renderer.entity.layers.ItemInHandLayer
[296月2026 19:15:58.541] [Render thread/DEBUG] [mixin/]: spearcore.mixins.json:ItemInHandLayerMixin from mod spearcore->@Inject::onRenderArmWithItem(Lnet/minecraft/world/entity/LivingEntity;Lnet/minecraft/world/item/ItemStack;Lnet/minecraft/world/item/ItemDisplayContext;Lnet/minecraft/world/entity/HumanoidArm;Lcom/mojang/blaze3d/vertex/PoseStack;Lnet/minecraft/client/renderer/MultiBufferSource;ILorg/spongepowered/asm/mixin/injection/callback/CallbackInfo;)V does use it's CallbackInfo
[296月2026 19:15:58.590] [Render thread/INFO] [net.minecraft.client.renderer.texture.TextureAtlas/]: Created: 512x256x0 minecraft:textures/atlas/particles.png-atlas
[296月2026 19:15:58.592] [Render thread/INFO] [net.minecraft.client.renderer.texture.TextureAtlas/]: Created: 512x256x0 minecraft:textures/atlas/paintings.png-atlas
[296月2026 19:15:58.592] [Render thread/INFO] [net.minecraft.client.renderer.texture.TextureAtlas/]: Created: 256x128x0 minecraft:textures/atlas/mob_effects.png-atlas
[296月2026 19:15:58.592] [Render thread/INFO] [net.minecraft.client.renderer.texture.TextureAtlas/]: Created: 64x64x0 minecraft:textures/atlas/map_decorations.png-atlas
[296月2026 19:15:58.592] [Render thread/INFO] [net.minecraft.client.renderer.texture.TextureAtlas/]: Created: 1024x512x0 minecraft:textures/atlas/gui.png-atlas
[296月2026 19:15:58.613] [Render thread/WARN] [net.minecraft.client.renderer.ShaderInstance/]: Shader rendertype_entity_translucent_emissive could not find sampler named Sampler2 in the specified shader program.
[296月2026 19:15:58.650] [Render thread/INFO] [net.neoforged.neoforge.client.entity.animation.json.AnimationLoader/]: Loaded 0 entity animations
[296月2026 19:15:58.650] [Render thread/INFO] [net.minecraft.client.renderer.texture.TextureAtlas/]: Created: 256x256x0 jei:textures/atlas/gui.png-atlas
[296月2026 19:16:34.731] [Render thread/DEBUG] [mixin/]: Mixing TextFieldMixin from imblocker-neoforge.mixins.json into net.minecraft.client.gui.components.EditBox
[296月2026 19:16:34.735] [Render thread/DEBUG] [mixin/]: imblocker-neoforge.mixins.json:TextFieldMixin from mod imblocker->@Inject::focusChanged(ZLorg/spongepowered/asm/mixin/injection/callback/CallbackInfo;)V doesn't use it's CallbackInfo
[296月2026 19:16:34.735] [Render thread/DEBUG] [mixin/]: imblocker-neoforge.mixins.json:TextFieldMixin from mod imblocker->@Inject::focusChanged(ZLorg/spongepowered/asm/mixin/injection/callback/CallbackInfo;)V has 0 override(s) in child classes
[296月2026 19:16:34.735] [Render thread/DEBUG] [mixin/]: imblocker-neoforge.mixins.json:TextFieldMixin from mod imblocker->@Inject::focusChanged(ZLorg/spongepowered/asm/mixin/injection/callback/CallbackInfo;)V won't be passed a CallbackInfo as a result
[296月2026 19:16:34.735] [Render thread/DEBUG] [mixin/]: imblocker-neoforge.mixins.json:TextFieldMixin from mod imblocker->@Inject::visibilityChanged(ZLorg/spongepowered/asm/mixin/injection/callback/CallbackInfo;)V doesn't use it's CallbackInfo
[296月2026 19:16:34.735] [Render thread/DEBUG] [mixin/]: imblocker-neoforge.mixins.json:TextFieldMixin from mod imblocker->@Inject::visibilityChanged(ZLorg/spongepowered/asm/mixin/injection/callback/CallbackInfo;)V has 0 override(s) in child classes
[296月2026 19:16:34.735] [Render thread/DEBUG] [mixin/]: imblocker-neoforge.mixins.json:TextFieldMixin from mod imblocker->@Inject::visibilityChanged(ZLorg/spongepowered/asm/mixin/injection/callback/CallbackInfo;)V won't be passed a CallbackInfo as a result
[296月2026 19:16:34.735] [Render thread/DEBUG] [mixin/]: imblocker-neoforge.mixins.json:TextFieldMixin from mod imblocker->@Inject::checkFocusTracking(CILorg/spongepowered/asm/mixin/injection/callback/CallbackInfoReturnable;)V does use it's CallbackInfoReturnable
[296月2026 19:16:34.735] [Render thread/DEBUG] [mixin/]: imblocker-neoforge.mixins.json:TextFieldMixin from mod imblocker->@Inject::onTextChanged(Ljava/lang/String;Lorg/spongepowered/asm/mixin/injection/callback/CallbackInfo;)V doesn't use it's CallbackInfo
[296月2026 19:16:34.735] [Render thread/DEBUG] [mixin/]: imblocker-neoforge.mixins.json:TextFieldMixin from mod imblocker->@Inject::onTextChanged(Ljava/lang/String;Lorg/spongepowered/asm/mixin/injection/callback/CallbackInfo;)V has 0 override(s) in child classes
[296月2026 19:16:34.735] [Render thread/DEBUG] [mixin/]: imblocker-neoforge.mixins.json:TextFieldMixin from mod imblocker->@Inject::onTextChanged(Ljava/lang/String;Lorg/spongepowered/asm/mixin/injection/callback/CallbackInfo;)V won't be passed a CallbackInfo as a result
[296月2026 19:16:36.148] [Render thread/INFO] [net.minecraft.world.item.crafting.RecipeManager/]: Loaded 1297 recipes
[296月2026 19:16:36.221] [Render thread/INFO] [net.minecraft.advancements.AdvancementTree/]: Loaded 1399 advancements
[296月2026 19:16:36.453] [Render thread/DEBUG] [mezz.jei.neoforge.startup.StartEventObserver/]: JEI StartEventObserver received class net.neoforged.neoforge.event.TagsUpdatedEvent too early, ignoring
[296月2026 19:16:36.472] [Render thread/DEBUG] [net.neoforged.neoforge.common.CommonHooks/WP]: Gathered mod list to write to world save 新的世界
[296月2026 19:16:36.504] [Server thread/INFO] [net.minecraft.client.server.IntegratedServer/]: Starting integrated minecraft server version 1.21.1
[296月2026 19:16:36.504] [Server thread/INFO] [net.minecraft.server.MinecraftServer/]: Generating keypair
[296月2026 19:16:36.544] [Server thread/DEBUG] [net.neoforged.fml.config.ConfigTracker/CONFIG]: Loading configs type SERVER
[296月2026 19:16:36.545] [Server thread/DEBUG] [net.neoforged.fml.config.ConfigTracker/CONFIG]: Loaded TOML config file C:\Users\12501\MCreatorWorkspaces\spearcore\run\config\jei-server.toml
[296月2026 19:16:36.546] [Server thread/DEBUG] [net.neoforged.fml.config.ConfigTracker/CONFIG]: Watching TOML config file C:\Users\12501\MCreatorWorkspaces\spearcore\run\config\jei-server.toml for changes
[296月2026 19:16:36.548] [Server thread/DEBUG] [net.neoforged.neoforge.common.NeoForgeConfig/FORGEMOD]: Loaded NeoForge config file neoforge-server.toml
[296月2026 19:16:36.548] [Server thread/DEBUG] [net.neoforged.fml.config.ConfigTracker/CONFIG]: Loaded TOML config file C:\Users\12501\MCreatorWorkspaces\spearcore\run\config\neoforge-server.toml
[296月2026 19:16:36.549] [Server thread/DEBUG] [net.neoforged.fml.config.ConfigTracker/CONFIG]: Watching TOML config file C:\Users\12501\MCreatorWorkspaces\spearcore\run\config\neoforge-server.toml for changes
[296月2026 19:16:37.034] [Server thread/INFO] [net.minecraft.server.MinecraftServer/]: Preparing start region for dimension minecraft:overworld
[296月2026 19:16:37.175] [progressListener/INFO] [net.minecraft.server.level.progress.LoggerChunkProgressListener/]: 准备生成区域中：0%
[296月2026 19:16:37.222] [Server thread/INFO] [net.neoforged.neoforge.server.permission.PermissionAPI/]: Successfully initialized permission handler neoforge:default_handler
[296月2026 19:16:37.231] [progressListener/INFO] [net.minecraft.server.level.progress.LoggerChunkProgressListener/]: Time elapsed: 192 ms
[296月2026 19:16:37.267] [Server thread/INFO] [net.minecraft.client.server.IntegratedServer/]: Changing view distance to 5, from 10
[296月2026 19:16:37.267] [Server thread/INFO] [net.minecraft.client.server.IntegratedServer/]: Changing simulation distance to 12, from 0
[296月2026 19:16:37.319] [Render thread/DEBUG] [io.netty.channel.MultithreadEventLoopGroup/]: -Dio.netty.eventLoopThreads: 40
[296月2026 19:16:37.333] [Render thread/DEBUG] [io.netty.util.concurrent.GlobalEventExecutor/]: -Dio.netty.globalEventExecutor.quietPeriodSeconds: 1
[296月2026 19:16:37.346] [Render thread/DEBUG] [io.netty.channel.nio.NioEventLoop/]: -Dio.netty.noKeySetOptimization: false
[296月2026 19:16:37.347] [Render thread/DEBUG] [io.netty.channel.nio.NioEventLoop/]: -Dio.netty.selectorAutoRebuildThreshold: 512
[296月2026 19:16:37.353] [Render thread/DEBUG] [io.netty.util.internal.PlatformDependent/]: org.jctools-core.MpscChunkedArrayQueue: available
[296月2026 19:16:37.416] [Render thread/DEBUG] [io.netty.channel.DefaultChannelId/]: -Dio.netty.processId: 1964 (auto-detected)
[296月2026 19:16:37.418] [Render thread/DEBUG] [io.netty.util.NetUtil/]: -Djava.net.preferIPv4Stack: false
[296月2026 19:16:37.418] [Render thread/DEBUG] [io.netty.util.NetUtil/]: -Djava.net.preferIPv6Addresses: system
[296月2026 19:16:37.420] [Render thread/DEBUG] [io.netty.util.NetUtilInitializations/]: Loopback interface: loopback_0 (Software Loopback Interface 1, 0:0:0:0:0:0:0:1)
[296月2026 19:16:37.421] [Render thread/DEBUG] [io.netty.util.NetUtil/]: Failed to get SOMAXCONN from sysctl and file \proc\sys\net\core\somaxconn. Default: 200
[296月2026 19:16:37.423] [Render thread/DEBUG] [io.netty.channel.DefaultChannelId/]: -Dio.netty.machineId: e8:c8:29:ff:fe:2f:35:27 (auto-detected)
[296月2026 19:16:37.475] [Render thread/DEBUG] [io.netty.util.Recycler/]: -Dio.netty.recycler.maxCapacityPerThread: 4096
[296月2026 19:16:37.476] [Render thread/DEBUG] [io.netty.util.Recycler/]: -Dio.netty.recycler.ratio: 8
[296月2026 19:16:37.476] [Render thread/DEBUG] [io.netty.util.Recycler/]: -Dio.netty.recycler.chunkSize: 32
[296月2026 19:16:37.476] [Render thread/DEBUG] [io.netty.util.Recycler/]: -Dio.netty.recycler.blocking: false
[296月2026 19:16:37.476] [Render thread/DEBUG] [io.netty.util.Recycler/]: -Dio.netty.recycler.batchFastThreadLocalOnly: true
[296月2026 19:16:37.564] [Netty Server IO #1/DEBUG] [net.neoforged.neoforge.network.filters.NetworkFilters/]: Injected net.neoforged.neoforge.network.filters.GenericPacketSplitter@6648f03 into net.minecraft.network.Connection@5cba4bf0
[296月2026 19:16:37.567] [Netty Local Client IO #0/DEBUG] [net.neoforged.neoforge.network.filters.NetworkFilters/]: Injected net.neoforged.neoforge.network.filters.GenericPacketSplitter@402ef397 into net.minecraft.network.Connection@5a31ced7
[296月2026 19:16:37.675] [Render thread/DEBUG] [mezz.jei.neoforge.startup.StartEventObserver/]: JEI StartEventObserver received event: class net.neoforged.neoforge.event.TagsUpdatedEvent
[296月2026 19:16:37.737] [Netty Server IO #1/DEBUG] [net.neoforged.neoforge.network.filters.NetworkFilters/]: Injected net.neoforged.neoforge.network.filters.GenericPacketSplitter@f53bbfa into net.minecraft.network.Connection@5cba4bf0
[296月2026 19:16:37.778] [Server thread/INFO] [net.minecraft.server.players.PlayerList/]: Dev[local:E:0a9199fd] logged in with entity id 17 at (50.81861943389714, 79.0, -66.33635872664314)
[296月2026 19:16:37.841] [Server thread/INFO] [net.minecraft.server.MinecraftServer/]: Dev加入了游戏
[296月2026 19:16:37.859] [Render thread/DEBUG] [mixin/]: Mixing AbstractCommandBlockScreenMixin from imblocker-neoforge.mixins.json into net.minecraft.client.gui.screens.inventory.AbstractCommandBlockEditScreen
[296月2026 19:16:37.860] [Render thread/DEBUG] [mixin/]: imblocker-neoforge.mixins.json:AbstractCommandBlockScreenMixin from mod imblocker->@Inject::setCommandInputEnglishState(Lorg/spongepowered/asm/mixin/injection/callback/CallbackInfo;)V doesn't use it's CallbackInfo
[296月2026 19:16:37.860] [Render thread/DEBUG] [mixin/]: imblocker-neoforge.mixins.json:AbstractCommandBlockScreenMixin from mod imblocker->@Inject::setCommandInputEnglishState(Lorg/spongepowered/asm/mixin/injection/callback/CallbackInfo;)V has 0 override(s) in child classes
[296月2026 19:16:37.860] [Render thread/DEBUG] [mixin/]: imblocker-neoforge.mixins.json:AbstractCommandBlockScreenMixin from mod imblocker->@Inject::setCommandInputEnglishState(Lorg/spongepowered/asm/mixin/injection/callback/CallbackInfo;)V won't be passed a CallbackInfo as a result
[296月2026 19:16:37.891] [Render thread/DEBUG] [mezz.jei.neoforge.startup.StartEventObserver/]: JEI StartEventObserver received event: class net.neoforged.neoforge.client.event.RecipesUpdatedEvent
[296月2026 19:16:37.892] [Render thread/DEBUG] [mezz.jei.neoforge.startup.StartEventObserver/]: JEI StartEventObserver transitioning state from LISTENING to JEI_STARTED
[296月2026 19:16:37.892] [Render thread/INFO] [mezz.jei.core.util.LoggedTimer/]: Starting JEI...
[296月2026 19:16:37.901] [Render thread/INFO] [mezz.jei.library.load.PluginCaller/]: Registering item subtypes...
[296月2026 19:16:37.901] [Render thread/DEBUG] [mezz.jei.library.load.PluginCallerTimerRunnable/]: Registering item subtypes: jei:minecraft...
[296月2026 19:16:37.909] [Render thread/DEBUG] [mezz.jei.library.load.PluginCallerTimerRunnable/]: Registering item subtypes: jei:neoforge_gui...
[296月2026 19:16:37.909] [Render thread/DEBUG] [mezz.jei.library.load.PluginCallerTimerRunnable/]: Registering item subtypes: jei:debug...
[296月2026 19:16:37.909] [Render thread/DEBUG] [mezz.jei.library.load.PluginCallerTimerRunnable/]: Registering item subtypes: jei:gui...
[296月2026 19:16:37.909] [Render thread/DEBUG] [mezz.jei.library.load.PluginCallerTimerRunnable/]: Registering item subtypes: jei:internal...
[296月2026 19:16:37.909] [Render thread/INFO] [mezz.jei.library.load.PluginCaller/]: Registering item subtypes took 8.543 milliseconds
[296月2026 19:16:37.910] [Render thread/INFO] [mezz.jei.library.load.PluginCaller/]: Registering fluid subtypes...
[296月2026 19:16:37.910] [Render thread/DEBUG] [mezz.jei.library.load.PluginCallerTimerRunnable/]: Registering fluid subtypes: jei:minecraft...
[296月2026 19:16:37.910] [Render thread/DEBUG] [mezz.jei.library.load.PluginCallerTimerRunnable/]: Registering fluid subtypes: jei:neoforge_gui...
[296月2026 19:16:37.910] [Render thread/DEBUG] [mezz.jei.library.load.PluginCallerTimerRunnable/]: Registering fluid subtypes: jei:debug...
[296月2026 19:16:37.912] [Render thread/DEBUG] [mezz.jei.library.load.PluginCallerTimerRunnable/]: Registering fluid subtypes: jei:gui...
[296月2026 19:16:37.912] [Render thread/DEBUG] [mezz.jei.library.load.PluginCallerTimerRunnable/]: Registering fluid subtypes: jei:internal...
[296月2026 19:16:37.912] [Render thread/INFO] [mezz.jei.library.load.PluginCaller/]: Registering fluid subtypes took 2.112 milliseconds
[296月2026 19:16:37.916] [Render thread/INFO] [mezz.jei.library.load.PluginCaller/]: Registering ingredients...
[296月2026 19:16:37.916] [Render thread/DEBUG] [mezz.jei.library.load.PluginCallerTimerRunnable/]: Registering ingredients: jei:minecraft...
[296月2026 19:16:37.932] [Render thread/DEBUG] [mezz.jei.library.plugins.vanilla.ingredients.ItemStackListFactory/]: Added  402/ 402 new items from '建筑方块' creative tab's displayItems
[296月2026 19:16:37.934] [Render thread/DEBUG] [mezz.jei.library.plugins.vanilla.ingredients.ItemStackListFactory/]: Added  198/ 198 new items from '染色方块' creative tab's displayItems
[296月2026 19:16:37.935] [Render thread/DEBUG] [mezz.jei.library.plugins.vanilla.ingredients.ItemStackListFactory/]: Added  201/ 226 new items from '自然方块' creative tab's displayItems
[296月2026 19:16:37.945] [Render thread/DEBUG] [mezz.jei.library.plugins.vanilla.ingredients.ItemStackListFactory/]: Added  138/ 225 new items from '功能方块' creative tab's displayItems
[296月2026 19:16:37.946] [Render thread/DEBUG] [mezz.jei.library.plugins.vanilla.ingredients.ItemStackListFactory/]: Added   29/  68 new items from '红石方块' creative tab's displayItems
[296月2026 19:16:37.946] [Render thread/DEBUG] [mezz.jei.library.plugins.vanilla.ingredients.ItemStackListFactory/]: Skipping creative tab: '已保存的快捷栏' because it is type: HOTBAR
[296月2026 19:16:37.946] [Render thread/DEBUG] [mezz.jei.library.plugins.vanilla.ingredients.ItemStackListFactory/]: Skipping creative tab: '搜索物品' because it is type: SEARCH
[296月2026 19:16:37.950] [Render thread/DEBUG] [mezz.jei.library.plugins.vanilla.ingredients.ItemStackListFactory/]: Added  101/ 113 new items from '工具与实用物品' creative tab's displayItems
[296月2026 19:16:37.953] [Render thread/DEBUG] [mezz.jei.library.plugins.vanilla.ingredients.ItemStackListFactory/]: Added   98/ 110 new items from '战斗用品' creative tab's displayItems
[296月2026 19:16:37.958] [Render thread/DEBUG] [mezz.jei.library.plugins.vanilla.ingredients.ItemStackListFactory/]: Added  190/ 193 new items from '食物与饮品' creative tab's displayItems
[296月2026 19:16:37.966] [Render thread/DEBUG] [mezz.jei.library.plugins.vanilla.ingredients.ItemStackListFactory/]: Added  173/ 187 new items from '原材料' creative tab's displayItems
[296月2026 19:16:37.966] [Render thread/DEBUG] [mezz.jei.library.plugins.vanilla.ingredients.ItemStackListFactory/]: Added   85/ 272 new items from '原材料' creative tab's searchTabDisplayItems
[296月2026 19:16:37.967] [Render thread/DEBUG] [mezz.jei.library.plugins.vanilla.ingredients.ItemStackListFactory/]: Added   80/  80 new items from '刷怪蛋' creative tab's displayItems
[296月2026 19:16:37.968] [Render thread/DEBUG] [mezz.jei.library.plugins.vanilla.ingredients.ItemStackListFactory/]: Item Group has no display items and no search tab display items. Items from this group will be missing from the JEI ingredient list. 管理员用品
[296月2026 19:16:37.968] [Render thread/DEBUG] [mezz.jei.library.plugins.vanilla.ingredients.ItemStackListFactory/]: Skipping creative tab: '生存模式物品栏' because it is type: INVENTORY
[296月2026 19:16:37.998] [Render thread/INFO] [mezz.jei.library.load.PluginCallerTimerRunnable/]: Registering ingredients: jei:minecraft took 82.05 milliseconds
[296月2026 19:16:37.998] [Render thread/DEBUG] [mezz.jei.library.load.PluginCallerTimerRunnable/]: Registering ingredients: jei:neoforge_gui...
[296月2026 19:16:37.998] [Render thread/DEBUG] [mezz.jei.library.load.PluginCallerTimerRunnable/]: Registering ingredients: jei:debug...
[296月2026 19:16:37.998] [Render thread/DEBUG] [mezz.jei.library.load.PluginCallerTimerRunnable/]: Registering ingredients: jei:gui...
[296月2026 19:16:37.998] [Render thread/DEBUG] [mezz.jei.library.load.PluginCallerTimerRunnable/]: Registering ingredients: jei:internal...
[296月2026 19:16:37.998] [Render thread/INFO] [mezz.jei.library.load.PluginCaller/]: Registering ingredients took 82.62 milliseconds
[296月2026 19:16:37.999] [Render thread/INFO] [mezz.jei.library.load.PluginCaller/]: Registering extra ingredients...
[296月2026 19:16:37.999] [Render thread/DEBUG] [mezz.jei.library.load.PluginCallerTimerRunnable/]: Registering extra ingredients: jei:minecraft...
[296月2026 19:16:37.999] [Render thread/DEBUG] [mezz.jei.library.load.PluginCallerTimerRunnable/]: Registering extra ingredients: jei:neoforge_gui...
[296月2026 19:16:37.999] [Render thread/DEBUG] [mezz.jei.library.load.PluginCallerTimerRunnable/]: Registering extra ingredients: jei:debug...
[296月2026 19:16:37.999] [Render thread/DEBUG] [mezz.jei.library.load.PluginCallerTimerRunnable/]: Registering extra ingredients: jei:gui...
[296月2026 19:16:37.999] [Render thread/DEBUG] [mezz.jei.library.load.PluginCallerTimerRunnable/]: Registering extra ingredients: jei:internal...
[296月2026 19:16:37.999] [Render thread/INFO] [mezz.jei.library.load.PluginCaller/]: Registering extra ingredients took 287.8 microseconds
[296月2026 19:16:37.999] [Render thread/INFO] [mezz.jei.library.load.PluginCaller/]: Registering search ingredient aliases...
[296月2026 19:16:37.999] [Render thread/DEBUG] [mezz.jei.library.load.PluginCallerTimerRunnable/]: Registering search ingredient aliases: jei:minecraft...
[296月2026 19:16:37.999] [Render thread/DEBUG] [mezz.jei.library.load.PluginCallerTimerRunnable/]: Registering search ingredient aliases: jei:neoforge_gui...
[296月2026 19:16:37.999] [Render thread/DEBUG] [mezz.jei.library.load.PluginCallerTimerRunnable/]: Registering search ingredient aliases: jei:debug...
[296月2026 19:16:38.000] [Render thread/DEBUG] [mezz.jei.library.load.PluginCallerTimerRunnable/]: Registering search ingredient aliases: jei:gui...
[296月2026 19:16:38.000] [Render thread/DEBUG] [mezz.jei.library.load.PluginCallerTimerRunnable/]: Registering search ingredient aliases: jei:internal...
[296月2026 19:16:38.000] [Render thread/INFO] [mezz.jei.library.load.PluginCaller/]: Registering search ingredient aliases took 428.1 microseconds
[296月2026 19:16:38.023] [Render thread/INFO] [mezz.jei.library.load.PluginCaller/]: Registering Mod Info...
[296月2026 19:16:38.023] [Render thread/DEBUG] [mezz.jei.library.load.PluginCallerTimerRunnable/]: Registering Mod Info: jei:minecraft...
[296月2026 19:16:38.023] [Render thread/DEBUG] [mezz.jei.library.load.PluginCallerTimerRunnable/]: Registering Mod Info: jei:neoforge_gui...
[296月2026 19:16:38.023] [Render thread/DEBUG] [mezz.jei.library.load.PluginCallerTimerRunnable/]: Registering Mod Info: jei:debug...
[296月2026 19:16:38.023] [Render thread/DEBUG] [mezz.jei.library.load.PluginCallerTimerRunnable/]: Registering Mod Info: jei:gui...
[296月2026 19:16:38.023] [Render thread/DEBUG] [mezz.jei.library.load.PluginCallerTimerRunnable/]: Registering Mod Info: jei:internal...
[296月2026 19:16:38.023] [Render thread/INFO] [mezz.jei.library.load.PluginCaller/]: Registering Mod Info took 346.2 microseconds
[296月2026 19:16:38.040] [Render thread/INFO] [mezz.jei.library.load.PluginCaller/]: Registering categories...
[296月2026 19:16:38.040] [Render thread/DEBUG] [mezz.jei.library.load.PluginCallerTimerRunnable/]: Registering categories: jei:minecraft...
[296月2026 19:16:38.060] [Render thread/INFO] [mezz.jei.library.load.PluginCallerTimerRunnable/]: Registering categories: jei:minecraft took 19.42 milliseconds
[296月2026 19:16:38.060] [Render thread/DEBUG] [mezz.jei.library.load.PluginCallerTimerRunnable/]: Registering categories: jei:neoforge_gui...
[296月2026 19:16:38.060] [Render thread/DEBUG] [mezz.jei.library.load.PluginCallerTimerRunnable/]: Registering categories: jei:debug...
[296月2026 19:16:38.060] [Render thread/DEBUG] [mezz.jei.library.load.PluginCallerTimerRunnable/]: Registering categories: jei:gui...
[296月2026 19:16:38.060] [Render thread/DEBUG] [mezz.jei.library.load.PluginCallerTimerRunnable/]: Registering categories: jei:internal...
[296月2026 19:16:38.064] [Render thread/INFO] [mezz.jei.library.load.PluginCaller/]: Registering categories took 24.57 milliseconds
[296月2026 19:16:38.066] [Render thread/INFO] [mezz.jei.library.load.PluginCaller/]: Registering vanilla category extensions...
[296月2026 19:16:38.066] [Render thread/DEBUG] [mezz.jei.library.load.PluginCallerTimerRunnable/]: Registering vanilla category extensions: jei:minecraft...
[296月2026 19:16:38.071] [Render thread/DEBUG] [mezz.jei.library.load.PluginCallerTimerRunnable/]: Registering vanilla category extensions: jei:neoforge_gui...
[296月2026 19:16:38.071] [Render thread/DEBUG] [mezz.jei.library.load.PluginCallerTimerRunnable/]: Registering vanilla category extensions: jei:debug...
[296月2026 19:16:38.071] [Render thread/DEBUG] [mezz.jei.library.load.PluginCallerTimerRunnable/]: Registering vanilla category extensions: jei:gui...
[296月2026 19:16:38.071] [Render thread/DEBUG] [mezz.jei.library.load.PluginCallerTimerRunnable/]: Registering vanilla category extensions: jei:internal...
[296月2026 19:16:38.071] [Render thread/INFO] [mezz.jei.library.load.PluginCaller/]: Registering vanilla category extensions took 4.401 milliseconds
[296月2026 19:16:38.072] [Render thread/INFO] [mezz.jei.library.load.PluginCaller/]: Registering recipe catalysts...
[296月2026 19:16:38.073] [Render thread/DEBUG] [mezz.jei.library.load.PluginCallerTimerRunnable/]: Registering recipe catalysts: jei:minecraft...
[296月2026 19:16:38.073] [Render thread/DEBUG] [mezz.jei.library.load.PluginCallerTimerRunnable/]: Registering recipe catalysts: jei:neoforge_gui...
[296月2026 19:16:38.073] [Render thread/DEBUG] [mezz.jei.library.load.PluginCallerTimerRunnable/]: Registering recipe catalysts: jei:debug...
[296月2026 19:16:38.073] [Render thread/DEBUG] [mezz.jei.library.load.PluginCallerTimerRunnable/]: Registering recipe catalysts: jei:gui...
[296月2026 19:16:38.073] [Render thread/DEBUG] [mezz.jei.library.load.PluginCallerTimerRunnable/]: Registering recipe catalysts: jei:internal...
[296月2026 19:16:38.073] [Render thread/INFO] [mezz.jei.library.load.PluginCaller/]: Registering recipe catalysts took 467.4 microseconds
[296月2026 19:16:38.073] [Render thread/INFO] [mezz.jei.core.util.LoggedTimer/]: Building recipe registry...
[296月2026 19:16:38.088] [Render thread/INFO] [mezz.jei.core.util.LoggedTimer/]: Building recipe registry took 14.76 milliseconds
[296月2026 19:16:38.090] [Render thread/INFO] [mezz.jei.library.load.PluginCaller/]: Registering advanced plugins...
[296月2026 19:16:38.091] [Render thread/DEBUG] [mezz.jei.library.load.PluginCallerTimerRunnable/]: Registering advanced plugins: jei:minecraft...
[296月2026 19:16:38.091] [Render thread/DEBUG] [mezz.jei.library.load.PluginCallerTimerRunnable/]: Registering advanced plugins: jei:neoforge_gui...
[296月2026 19:16:38.091] [Render thread/DEBUG] [mezz.jei.library.load.PluginCallerTimerRunnable/]: Registering advanced plugins: jei:debug...
[296月2026 19:16:38.091] [Render thread/DEBUG] [mezz.jei.library.load.PluginCallerTimerRunnable/]: Registering advanced plugins: jei:gui...
[296月2026 19:16:38.091] [Render thread/DEBUG] [mezz.jei.library.load.PluginCallerTimerRunnable/]: Registering advanced plugins: jei:internal...
[296月2026 19:16:38.091] [Render thread/INFO] [mezz.jei.library.load.PluginCaller/]: Registering advanced plugins took 314.8 microseconds
[296月2026 19:16:38.092] [Render thread/INFO] [mezz.jei.library.load.PluginCaller/]: Registering recipes...
[296月2026 19:16:38.093] [Render thread/DEBUG] [mezz.jei.library.load.PluginCallerTimerRunnable/]: Registering recipes: jei:minecraft...
[296月2026 19:16:38.112] [Render thread/DEBUG] [mezz.jei.library.recipes.RecipeManagerInternal/]: Adding recipes: RecipeType[uid=minecraft:crafting, recipeClass=class net.minecraft.world.item.crafting.RecipeHolder]
[296月2026 19:16:38.129] [Render thread/DEBUG] [mezz.jei.library.recipes.RecipeManagerInternal/]: Adding recipes: RecipeType[uid=minecraft:crafting, recipeClass=class net.minecraft.world.item.crafting.RecipeHolder]
[296月2026 19:16:38.131] [Render thread/DEBUG] [mezz.jei.library.recipes.RecipeManagerInternal/]: Adding recipes: RecipeType[uid=minecraft:stonecutting, recipeClass=class net.minecraft.world.item.crafting.RecipeHolder]
[296月2026 19:16:38.132] [Render thread/DEBUG] [mezz.jei.library.recipes.RecipeManagerInternal/]: Adding recipes: RecipeType[uid=minecraft:smelting, recipeClass=class net.minecraft.world.item.crafting.RecipeHolder]
[296月2026 19:16:38.132] [Render thread/DEBUG] [mezz.jei.library.recipes.RecipeManagerInternal/]: Adding recipes: RecipeType[uid=minecraft:smoking, recipeClass=class net.minecraft.world.item.crafting.RecipeHolder]
[296月2026 19:16:38.132] [Render thread/DEBUG] [mezz.jei.library.recipes.RecipeManagerInternal/]: Adding recipes: RecipeType[uid=minecraft:blasting, recipeClass=class net.minecraft.world.item.crafting.RecipeHolder]
[296月2026 19:16:38.132] [Render thread/DEBUG] [mezz.jei.library.recipes.RecipeManagerInternal/]: Adding recipes: RecipeType[uid=minecraft:campfire_cooking, recipeClass=class net.minecraft.world.item.crafting.RecipeHolder]
[296月2026 19:16:38.140] [Render thread/DEBUG] [mezz.jei.library.recipes.RecipeManagerInternal/]: Adding recipes: RecipeType[uid=minecraft:fuel, recipeClass=interface mezz.jei.api.recipe.vanilla.IJeiFuelingRecipe]
[296月2026 19:16:38.153] [Render thread/DEBUG] [mezz.jei.library.recipes.RecipeManagerInternal/]: Adding recipes: RecipeType[uid=minecraft:anvil, recipeClass=interface mezz.jei.api.recipe.vanilla.IJeiAnvilRecipe]
[296月2026 19:16:38.160] [Render thread/DEBUG] [mezz.jei.library.recipes.RecipeManagerInternal/]: Adding recipes: RecipeType[uid=minecraft:smithing, recipeClass=class net.minecraft.world.item.crafting.RecipeHolder]
[296月2026 19:16:38.169] [Render thread/DEBUG] [mezz.jei.library.recipes.RecipeManagerInternal/]: Adding recipes: RecipeType[uid=minecraft:compostable, recipeClass=interface mezz.jei.api.recipe.vanilla.IJeiCompostingRecipe]
[296月2026 19:16:38.191] [Render thread/DEBUG] [mezz.jei.library.recipes.RecipeManagerInternal/]: Adding recipes: RecipeType[uid=minecraft:brewing, recipeClass=interface mezz.jei.api.recipe.vanilla.IJeiBrewingRecipe]
[296月2026 19:16:38.217] [Render thread/DEBUG] [mezz.jei.library.recipes.RecipeManagerInternal/]: Adding recipes: RecipeType[uid=minecraft:grindstone, recipeClass=interface mezz.jei.api.recipe.vanilla.IJeiGrindstoneRecipe]
[296月2026 19:16:38.220] [Render thread/INFO] [mezz.jei.library.load.PluginCallerTimerRunnable/]: Registering recipes: jei:minecraft took 127.4 milliseconds
[296月2026 19:16:38.220] [Render thread/DEBUG] [mezz.jei.library.load.PluginCallerTimerRunnable/]: Registering recipes: jei:neoforge_gui...
[296月2026 19:16:38.220] [Render thread/DEBUG] [mezz.jei.library.load.PluginCallerTimerRunnable/]: Registering recipes: jei:debug...
[296月2026 19:16:38.220] [Render thread/DEBUG] [mezz.jei.library.load.PluginCallerTimerRunnable/]: Registering recipes: jei:gui...
[296月2026 19:16:38.220] [Render thread/DEBUG] [mezz.jei.library.load.PluginCallerTimerRunnable/]: Registering recipes: jei:internal...
[296月2026 19:16:38.222] [Render thread/DEBUG] [mezz.jei.library.plugins.jei.tags.TagInfoRecipeMaker/]: No valid ingredients found for minecraft:fluid tag: Suspicious Stew (c:suspicious_stew)
[296月2026 19:16:38.222] [Render thread/DEBUG] [mezz.jei.library.plugins.jei.tags.TagInfoRecipeMaker/]: No valid ingredients found for minecraft:fluid tag: Mushroom Stew (c:mushroom_stew)
[296月2026 19:16:38.222] [Render thread/DEBUG] [mezz.jei.library.plugins.jei.tags.TagInfoRecipeMaker/]: No valid ingredients found for minecraft:fluid tag: Rabbit Stew (c:rabbit_stew)
[296月2026 19:16:38.222] [Render thread/DEBUG] [mezz.jei.library.plugins.jei.tags.TagInfoRecipeMaker/]: No valid ingredients found for minecraft:fluid tag: Beetroot Soup (c:beetroot_soup)
[296月2026 19:16:38.222] [Render thread/DEBUG] [mezz.jei.library.plugins.jei.tags.TagInfoRecipeMaker/]: No valid ingredients found for minecraft:fluid tag: Potion (c:potion)
[296月2026 19:16:38.222] [Render thread/DEBUG] [mezz.jei.library.plugins.jei.tags.TagInfoRecipeMaker/]: No valid ingredients found for minecraft:fluid tag: Experience (c:experience)
[296月2026 19:16:38.222] [Render thread/DEBUG] [mezz.jei.library.plugins.jei.tags.TagInfoRecipeMaker/]: No valid ingredients found for minecraft:fluid tag: Gaseous (c:gaseous)
[296月2026 19:16:38.222] [Render thread/DEBUG] [mezz.jei.library.plugins.jei.tags.TagInfoRecipeMaker/]: No valid ingredients found for minecraft:fluid tag: Milk (c:milk)
[296月2026 19:16:38.222] [Render thread/DEBUG] [mezz.jei.library.plugins.jei.tags.TagInfoRecipeMaker/]: No valid ingredients found for minecraft:fluid tag: Honey (c:honey)
[296月2026 19:16:38.222] [Render thread/DEBUG] [mezz.jei.library.recipes.RecipeManagerInternal/]: Adding recipes: RecipeType[uid=minecraft:tag_recipes/fluid, recipeClass=interface mezz.jei.library.plugins.jei.tags.ITagInfoRecipe]
[296月2026 19:16:38.222] [Render thread/DEBUG] [mezz.jei.library.plugins.jei.tags.TagInfoRecipeMaker/]: No valid ingredients found for minecraft:item tag: Juice (c:drinks/juice)
[296月2026 19:16:38.224] [Render thread/DEBUG] [mezz.jei.library.plugins.jei.tags.TagInfoRecipeMaker/]: No valid ingredients found for minecraft:item tag: Wrenches (c:tools/wrench)
[296月2026 19:16:38.224] [Render thread/DEBUG] [mezz.jei.library.plugins.jei.tags.TagInfoRecipeMaker/]: No valid ingredients found for minecraft:item tag: Candies (c:foods/candy)
[296月2026 19:16:38.224] [Render thread/DEBUG] [mezz.jei.library.plugins.jei.tags.TagInfoRecipeMaker/]: No valid ingredients found for minecraft:item tag: Ropes (c:ropes)
[296月2026 19:16:38.224] [Render thread/DEBUG] [mezz.jei.library.plugins.jei.tags.TagInfoRecipeMaker/]: No valid ingredients found for minecraft:item tag: Water (c:drinks/water)
[296月2026 19:16:38.224] [Render thread/DEBUG] [mezz.jei.library.recipes.RecipeManagerInternal/]: Adding recipes: RecipeType[uid=minecraft:tag_recipes/item, recipeClass=interface mezz.jei.library.plugins.jei.tags.ITagInfoRecipe]
[296月2026 19:16:38.230] [Render thread/DEBUG] [mezz.jei.library.plugins.jei.tags.TagInfoRecipeMaker/]: No valid ingredients found for minecraft:block tag: #minecraft:air (minecraft:air)
[296月2026 19:16:38.230] [Render thread/DEBUG] [mezz.jei.library.plugins.jei.tags.TagInfoRecipeMaker/]: No valid ingredients found for minecraft:block tag: #minecraft:candle_cakes (minecraft:candle_cakes)
[296月2026 19:16:38.231] [Render thread/DEBUG] [mezz.jei.library.plugins.jei.tags.TagInfoRecipeMaker/]: No valid ingredients found for minecraft:block tag: Enderman Place On Blacklist (neoforge:enderman_place_on_blacklist)
[296月2026 19:16:38.231] [Render thread/DEBUG] [mezz.jei.library.plugins.jei.tags.TagInfoRecipeMaker/]: No valid ingredients found for minecraft:block tag: Ropes (c:ropes)
[296月2026 19:16:38.231] [Render thread/DEBUG] [mezz.jei.library.plugins.jei.tags.TagInfoRecipeMaker/]: No valid ingredients found for minecraft:block tag: Relocation Not Supported (c:relocation_not_supported)
[296月2026 19:16:38.231] [Render thread/DEBUG] [mezz.jei.library.plugins.jei.tags.TagInfoRecipeMaker/]: No valid ingredients found for minecraft:block tag: #minecraft:strider_warm_blocks (minecraft:strider_warm_blocks)
[296月2026 19:16:38.231] [Render thread/DEBUG] [mezz.jei.library.plugins.jei.tags.TagInfoRecipeMaker/]: No valid ingredients found for minecraft:block tag: #minecraft:incorrect_for_netherite_tool (minecraft:incorrect_for_netherite_tool)
[296月2026 19:16:38.231] [Render thread/DEBUG] [mezz.jei.library.plugins.jei.tags.TagInfoRecipeMaker/]: No valid ingredients found for minecraft:block tag: #minecraft:portals (minecraft:portals)
[296月2026 19:16:38.231] [Render thread/DEBUG] [mezz.jei.library.plugins.jei.tags.TagInfoRecipeMaker/]: No valid ingredients found for minecraft:block tag: #minecraft:incorrect_for_diamond_tool (minecraft:incorrect_for_diamond_tool)
[296月2026 19:16:38.231] [Render thread/DEBUG] [mezz.jei.library.plugins.jei.tags.TagInfoRecipeMaker/]: No valid ingredients found for minecraft:block tag: Needs Netherite Tools (neoforge:needs_netherite_tool)
[296月2026 19:16:38.231] [Render thread/DEBUG] [mezz.jei.library.plugins.jei.tags.TagInfoRecipeMaker/]: No valid ingredients found for minecraft:block tag: #minecraft:fire (minecraft:fire)
[296月2026 19:16:38.231] [Render thread/DEBUG] [mezz.jei.library.plugins.jei.tags.TagInfoRecipeMaker/]: No valid ingredients found for minecraft:block tag: #minecraft:invalid_spawn_inside (minecraft:invalid_spawn_inside)
[296月2026 19:16:38.231] [Render thread/DEBUG] [mezz.jei.library.recipes.RecipeManagerInternal/]: Adding recipes: RecipeType[uid=minecraft:tag_recipes/block, recipeClass=interface mezz.jei.library.plugins.jei.tags.ITagInfoRecipe]
[296月2026 19:16:38.235] [Render thread/INFO] [mezz.jei.library.load.PluginCallerTimerRunnable/]: Registering recipes: jei:internal took 15.10 milliseconds
[296月2026 19:16:38.236] [Render thread/INFO] [mezz.jei.library.load.PluginCaller/]: Registering recipes took 143.1 milliseconds
[296月2026 19:16:38.243] [Render thread/INFO] [mezz.jei.library.load.PluginCaller/]: Registering recipes transfer handlers...
[296月2026 19:16:38.243] [Render thread/DEBUG] [mezz.jei.library.load.PluginCallerTimerRunnable/]: Registering recipes transfer handlers: jei:minecraft...
[296月2026 19:16:38.245] [Render thread/DEBUG] [mezz.jei.library.load.PluginCallerTimerRunnable/]: Registering recipes transfer handlers: jei:neoforge_gui...
[296月2026 19:16:38.245] [Render thread/DEBUG] [mezz.jei.library.load.PluginCallerTimerRunnable/]: Registering recipes transfer handlers: jei:debug...
[296月2026 19:16:38.245] [Render thread/DEBUG] [mezz.jei.library.load.PluginCallerTimerRunnable/]: Registering recipes transfer handlers: jei:gui...
[296月2026 19:16:38.245] [Render thread/DEBUG] [mezz.jei.library.load.PluginCallerTimerRunnable/]: Registering recipes transfer handlers: jei:internal...
[296月2026 19:16:38.247] [Render thread/INFO] [mezz.jei.library.load.PluginCaller/]: Registering recipes transfer handlers took 3.041 milliseconds
[296月2026 19:16:38.251] [Render thread/INFO] [mezz.jei.core.util.LoggedTimer/]: Building runtime...
[296月2026 19:16:38.255] [Render thread/INFO] [mezz.jei.library.load.PluginCaller/]: Registering gui handlers...
[296月2026 19:16:38.256] [Render thread/DEBUG] [mezz.jei.library.load.PluginCallerTimerRunnable/]: Registering gui handlers: jei:minecraft...
[296月2026 19:16:38.259] [Render thread/DEBUG] [mezz.jei.library.load.PluginCallerTimerRunnable/]: Registering gui handlers: jei:neoforge_gui...
[296月2026 19:16:38.259] [Render thread/DEBUG] [mezz.jei.library.load.PluginCallerTimerRunnable/]: Registering gui handlers: jei:debug...
[296月2026 19:16:38.259] [Render thread/DEBUG] [mezz.jei.library.load.PluginCallerTimerRunnable/]: Registering gui handlers: jei:gui...
[296月2026 19:16:38.263] [Render thread/DEBUG] [mezz.jei.library.load.PluginCallerTimerRunnable/]: Registering gui handlers: jei:internal...
[296月2026 19:16:38.263] [Render thread/INFO] [mezz.jei.library.load.PluginCaller/]: Registering gui handlers took 7.225 milliseconds
[296月2026 19:16:38.267] [Render thread/INFO] [mezz.jei.library.load.PluginCaller/]: Registering Runtime...
[296月2026 19:16:38.267] [Render thread/DEBUG] [mezz.jei.library.load.PluginCallerTimerRunnable/]: Registering Runtime: jei:minecraft...
[296月2026 19:16:38.267] [Render thread/DEBUG] [mezz.jei.library.load.PluginCallerTimerRunnable/]: Registering Runtime: jei:neoforge_gui...
[296月2026 19:16:38.268] [Render thread/INFO] [mezz.jei.gui.startup.JeiGuiStarter/]: Starting JEI GUI
[296月2026 19:16:38.269] [Render thread/INFO] [mezz.jei.core.util.LoggedTimer/]: Building ingredient list...
[296月2026 19:16:38.269] [Render thread/DEBUG] [mezz.jei.gui.ingredients.IngredientListElementFactory/]: Registering ingredients: ItemStack
[296月2026 19:16:38.282] [Render thread/DEBUG] [mezz.jei.gui.ingredients.IngredientListElementFactory/]: Registering ingredients: FluidStack
[296月2026 19:16:38.282] [Render thread/INFO] [mezz.jei.core.util.LoggedTimer/]: Building ingredient list took 12.77 milliseconds
[296月2026 19:16:38.282] [Render thread/INFO] [mezz.jei.core.util.LoggedTimer/]: Building ingredient filter...
[296月2026 19:16:38.322] [Render thread/INFO] [mezz.jei.gui.ingredients.IngredientFilter/]: Adding 1697 ingredients
[296月2026 19:16:38.404] [Render thread/INFO] [mezz.jei.gui.ingredients.IngredientFilter/]: Added 1697 ingredients
[296月2026 19:16:38.405] [Render thread/INFO] [mezz.jei.core.util.LoggedTimer/]: Building ingredient filter took 122.3 milliseconds
[296月2026 19:16:38.427] [Render thread/DEBUG] [mezz.jei.gui.config.LookupHistoryJsonConfig/]: Loaded lookup history config from file: C:\Users\12501\MCreatorWorkspaces\spearcore\run\config\jei\world\local\lookupHistory.json
[296月2026 19:16:38.506] [Render thread/INFO] [mezz.jei.library.load.PluginCallerTimerRunnable/]: Registering Runtime: jei:neoforge_gui took 238.9 milliseconds
[296月2026 19:16:38.506] [Render thread/DEBUG] [mezz.jei.library.load.PluginCallerTimerRunnable/]: Registering Runtime: jei:debug...
[296月2026 19:16:38.506] [Render thread/DEBUG] [mezz.jei.library.load.PluginCallerTimerRunnable/]: Registering Runtime: jei:gui...
[296月2026 19:16:38.506] [Render thread/DEBUG] [mezz.jei.library.load.PluginCallerTimerRunnable/]: Registering Runtime: jei:internal...
[296月2026 19:16:38.506] [Render thread/INFO] [mezz.jei.library.load.PluginCaller/]: Registering Runtime took 239.3 milliseconds
[296月2026 19:16:38.508] [Render thread/INFO] [mezz.jei.core.util.LoggedTimer/]: Building runtime took 256.9 milliseconds
[296月2026 19:16:38.508] [Render thread/INFO] [mezz.jei.library.load.PluginCaller/]: Sending Runtime...
[296月2026 19:16:38.508] [Render thread/DEBUG] [mezz.jei.library.load.PluginCallerTimerRunnable/]: Sending Runtime: jei:minecraft...
[296月2026 19:16:38.508] [Render thread/DEBUG] [mezz.jei.library.load.PluginCallerTimerRunnable/]: Sending Runtime: jei:neoforge_gui...
[296月2026 19:16:38.509] [Render thread/DEBUG] [mezz.jei.library.load.PluginCallerTimerRunnable/]: Sending Runtime: jei:debug...
[296月2026 19:16:38.509] [Render thread/DEBUG] [mezz.jei.library.load.PluginCallerTimerRunnable/]: Sending Runtime: jei:gui...
[296月2026 19:16:38.509] [Render thread/DEBUG] [mezz.jei.library.load.PluginCallerTimerRunnable/]: Sending Runtime: jei:internal...
[296月2026 19:16:38.509] [Render thread/INFO] [mezz.jei.library.load.PluginCaller/]: Sending Runtime took 275.9 microseconds
[296月2026 19:16:38.509] [Render thread/INFO] [mezz.jei.core.util.LoggedTimer/]: Starting JEI took 615.8 milliseconds
[296月2026 19:16:38.518] [Render thread/INFO] [net.minecraft.advancements.AdvancementTree/]: Loaded 122 advancements
[296月2026 19:16:39.895] [JEI Deduplicating Run Executor 0/DEBUG] [mezz.jei.common.config.file.ConfigSerializer/]: Saving config file: C:\Users\12501\MCreatorWorkspaces\spearcore\run\config\jei\jei-colors.ini
[296月2026 19:16:39.898] [JEI Deduplicating Run Executor 0/DEBUG] [mezz.jei.common.config.file.ConfigSerializer/]: Saving config file: C:\Users\12501\MCreatorWorkspaces\spearcore\run\config\jei\jei-debug.ini
[296月2026 19:16:39.900] [JEI Deduplicating Run Executor 0/DEBUG] [mezz.jei.common.config.file.ConfigSerializer/]: Saving config file: C:\Users\12501\MCreatorWorkspaces\spearcore\run\config\jei\jei-mod-id-format.ini
[296月2026 19:16:39.904] [JEI Deduplicating Run Executor 0/DEBUG] [mezz.jei.common.config.file.ConfigSerializer/]: Saving config file: C:\Users\12501\MCreatorWorkspaces\spearcore\run\config\jei\jei-client.ini
[296月2026 19:16:40.412] [JEI Config File Watcher/DEBUG] [mezz.jei.common.config.file.FileWatcherThread/]: Detected changes in files:
C:\Users\12501\MCreatorWorkspaces\spearcore\run\config\jei\jei-colors.ini
C:\Users\12501\MCreatorWorkspaces\spearcore\run\config\jei\jei-debug.ini
C:\Users\12501\MCreatorWorkspaces\spearcore\run\config\jei\jei-mod-id-format.ini
C:\Users\12501\MCreatorWorkspaces\spearcore\run\config\jei\jei-client.ini
[296月2026 19:18:13.280] [Render thread/DEBUG] [mezz.jei.common.config.file.ConfigSerializer/]: Skipping loading config file, it was just saved by us: C:\Users\12501\MCreatorWorkspaces\spearcore\run\config\jei\jei-debug.ini
[296月2026 19:18:13.324] [Server thread/INFO] [net.minecraft.client.server.IntegratedServer/]: Saving and pausing game...
[296月2026 19:18:13.356] [Server thread/INFO] [net.minecraft.server.MinecraftServer/]: Saving chunks for level 'ServerLevel[新的世界]'/minecraft:overworld
[296月2026 19:18:13.365] [Server thread/INFO] [net.minecraft.server.MinecraftServer/]: Saving chunks for level 'ServerLevel[新的世界]'/minecraft:the_end
[296月2026 19:18:13.366] [Server thread/INFO] [net.minecraft.server.MinecraftServer/]: Saving chunks for level 'ServerLevel[新的世界]'/minecraft:the_nether
[296月2026 19:18:13.369] [Server thread/DEBUG] [net.neoforged.neoforge.common.CommonHooks/WP]: Gathered mod list to write to world save 新的世界
[296月2026 19:18:14.036] [Render thread/DEBUG] [mezz.jei.neoforge.startup.StartEventObserver/]: JEI StartEventObserver received event: class net.neoforged.neoforge.client.event.ClientPlayerNetworkEvent$LoggingOut
[296月2026 19:18:14.037] [Render thread/DEBUG] [mezz.jei.neoforge.startup.StartEventObserver/]: JEI StartEventObserver transitioning state from JEI_STARTED to LISTENING
[296月2026 19:18:14.037] [Render thread/INFO] [mezz.jei.library.startup.JeiStarter/]: Stopping JEI
[296月2026 19:18:14.037] [Render thread/INFO] [mezz.jei.library.load.PluginCaller/]: Sending Runtime Unavailable...
[296月2026 19:18:14.037] [Render thread/DEBUG] [mezz.jei.library.load.PluginCallerTimerRunnable/]: Sending Runtime Unavailable: jei:minecraft...
[296月2026 19:18:14.038] [Render thread/DEBUG] [mezz.jei.library.load.PluginCallerTimerRunnable/]: Sending Runtime Unavailable: jei:neoforge_gui...
[296月2026 19:18:14.038] [Render thread/INFO] [mezz.jei.neoforge.plugins.neoforge.NeoForgeGuiPlugin/]: Stopping JEI GUI
[296月2026 19:18:14.040] [Render thread/DEBUG] [mezz.jei.library.load.PluginCallerTimerRunnable/]: Sending Runtime Unavailable: jei:debug...
[296月2026 19:18:14.040] [Render thread/DEBUG] [mezz.jei.library.load.PluginCallerTimerRunnable/]: Sending Runtime Unavailable: jei:gui...
[296月2026 19:18:14.040] [Render thread/DEBUG] [mezz.jei.library.load.PluginCallerTimerRunnable/]: Sending Runtime Unavailable: jei:internal...
[296月2026 19:18:14.040] [Render thread/INFO] [mezz.jei.library.load.PluginCaller/]: Sending Runtime Unavailable took 2.925 milliseconds
[296月2026 19:18:14.078] [Server thread/INFO] [net.minecraft.server.network.ServerGamePacketListenerImpl/]: Dev lost connection: 连接中断
[296月2026 19:18:14.078] [Server thread/INFO] [net.minecraft.server.MinecraftServer/]: Dev退出了游戏
[296月2026 19:18:14.096] [Server thread/INFO] [net.minecraft.server.network.ServerCommonPacketListenerImpl/]: Stopping singleplayer server as player logged out
[296月2026 19:18:14.125] [Server thread/INFO] [net.minecraft.server.MinecraftServer/]: Stopping server
[296月2026 19:18:14.125] [Server thread/INFO] [net.minecraft.server.MinecraftServer/]: Saving players
[296月2026 19:18:14.125] [Server thread/INFO] [net.minecraft.server.MinecraftServer/]: Saving worlds
[296月2026 19:18:14.151] [Server thread/INFO] [net.minecraft.server.MinecraftServer/]: Saving chunks for level 'ServerLevel[新的世界]'/minecraft:overworld
[296月2026 19:18:14.198] [Server thread/INFO] [net.minecraft.server.MinecraftServer/]: Saving chunks for level 'ServerLevel[新的世界]'/minecraft:the_end
[296月2026 19:18:14.207] [Server thread/INFO] [net.minecraft.server.MinecraftServer/]: Saving chunks for level 'ServerLevel[新的世界]'/minecraft:the_nether
[296月2026 19:18:14.217] [Server thread/DEBUG] [net.neoforged.neoforge.common.CommonHooks/WP]: Gathered mod list to write to world save 新的世界
[296月2026 19:18:14.224] [Server thread/INFO] [net.minecraft.server.MinecraftServer/]: ThreadedAnvilChunkStorage (新的世界): All chunks are saved
[296月2026 19:18:14.224] [Server thread/INFO] [net.minecraft.server.MinecraftServer/]: ThreadedAnvilChunkStorage (DIM1): All chunks are saved
[296月2026 19:18:14.225] [Server thread/INFO] [net.minecraft.server.MinecraftServer/]: ThreadedAnvilChunkStorage (DIM-1): All chunks are saved
[296月2026 19:18:14.225] [Server thread/INFO] [net.minecraft.server.MinecraftServer/]: ThreadedAnvilChunkStorage: All dimensions are saved
[296月2026 19:18:14.258] [Server thread/DEBUG] [net.neoforged.fml.config.ConfigTracker/CONFIG]: Unloading configs type SERVER
[296月2026 19:18:14.621] [Render thread/INFO] [net.minecraft.client.Minecraft/]: Stopping!
